fmt,search_name,date,adp
half-ppr,ATL,2026-08-11,165.2
half-ppr,BAL,2026-08-11,168.4
half-ppr,BUF,2026-08-11,162.6
half-ppr,CLE,2026-08-11,189.1
half-ppr,DEN,2026-08-11,93.6
half-ppr,DET,2026-08-11,120.1
half-ppr,HOU,2026-08-11,110.8
half-ppr,LA,2026-08-11,133.2
half-ppr,LAC,2026-08-11,147.1
half-ppr,MIN,2026-08-11,120.2
half-ppr,NE,2026-08-11,132.6
half-ppr,NO,2026-08-11,168.7
half-ppr,PHI,2026-08-11,146.3
half-ppr,PIT,2026-08-11,155.4
half-ppr,SEA,2026-08-11,101.3
half-ppr,TEN,2026-08-11,160.5
half-ppr,aaronjones,2026-08-11,94.4
half-ppr,adonaimitchell,2026-08-11,161.1
half-ppr,ajbrown,2026-08-11,19.0
half-ppr,alecpierce,2026-08-11,47.3
half-ppr,alvinkamara,2026-08-11,143.2
half-ppr,amonrastbrown,2026-08-11,7.8
half-ppr,antoniowilliams,2026-08-11,155.2
half-ppr,ashtonjeanty,2026-08-11,14.3
half-ppr,bakermayfield,2026-08-11,131.2
half-ppr,bhayshultuten,2026-08-11,51.4
half-ppr,bijanrobinson,2026-08-11,2.2
half-ppr,blakecorum,2026-08-11,120.2
half-ppr,bonix,2026-08-11,120.6
half-ppr,brandonaubrey,2026-08-11,132.3
half-ppr,breecehall,2026-08-11,26.2
half-ppr,brentonstrange,2026-08-11,159.2
half-ppr,brianrobinson,2026-08-11,154.8
half-ppr,brianthomas,2026-08-11,70.4
half-ppr,brockbowers,2026-08-11,46.4
half-ppr,brockpurdy,2026-08-11,70.6
half-ppr,buckyirving,2026-08-11,44.7
half-ppr,cairosantos,2026-08-11,152.7
half-ppr,calebwilliams,2026-08-11,107.0
half-ppr,calvinridley,2026-08-11,126.1
half-ppr,camerondicker,2026-08-11,144.0
half-ppr,camlittle,2026-08-11,165.5
half-ppr,camskattebo,2026-08-11,32.7
half-ppr,camward,2026-08-11,181.7
half-ppr,carnelltate,2026-08-11,74.7
half-ppr,ceedeelamb,2026-08-11,12.5
half-ppr,chasebrown,2026-08-11,16.5
half-ppr,chasemclaughlin,2026-08-11,153.8
half-ppr,chrisboswell,2026-08-11,169.4
half-ppr,chrisgodwin,2026-08-11,94.8
half-ppr,chrisolave,2026-08-11,23.2
half-ppr,chrisrodriguez,2026-08-11,156.7
half-ppr,christianmccaffrey,2026-08-11,6.5
half-ppr,christianwatson,2026-08-11,65.1
half-ppr,chubahubbard,2026-08-11,78.4
half-ppr,cjstroud,2026-08-11,176.3
half-ppr,colstonloveland,2026-08-11,68.1
half-ppr,cooperkupp,2026-08-11,154.7
half-ppr,courtlandsutton,2026-08-11,54.2
half-ppr,dakprescott,2026-08-11,67.3
half-ppr,dallasgoedert,2026-08-11,103.4
half-ppr,daltonkincaid,2026-08-11,152.6
half-ppr,dandreswift,2026-08-11,43.2
half-ppr,danieljones,2026-08-11,151.6
half-ppr,davanteadams,2026-08-11,39.6
half-ppr,davidmontgomery,2026-08-11,64.5
half-ppr,deebosamuel,2026-08-11,86.9
half-ppr,denzelboston,2026-08-11,150.6
half-ppr,derrickhenry,2026-08-11,10.0
half-ppr,devonachane,2026-08-11,10.7
half-ppr,devontasmith,2026-08-11,31.2
half-ppr,dezhaunstribling,2026-08-11,150.3
half-ppr,djmoore,2026-08-11,48.5
half-ppr,dkmetcalf,2026-08-11,63.6
half-ppr,drakelondon,2026-08-11,9.8
half-ppr,drakemaye,2026-08-11,46.5
half-ppr,eddypineiro,2026-08-11,153.6
half-ppr,emekaegbuka,2026-08-11,32.0
half-ppr,evanmcpherson,2026-08-11,171.1
half-ppr,garrettwilson,2026-08-11,30.0
half-ppr,georgekittle,2026-08-11,119.1
half-ppr,georgepickens,2026-08-11,19.7
half-ppr,haroldfannin,2026-08-11,85.9
half-ppr,harrisonbutker,2026-08-11,165.1
half-ppr,harrisonmevis,2026-08-11,141.1
half-ppr,hunterhenry,2026-08-11,167.1
half-ppr,isaiahlikely,2026-08-11,135.9
half-ppr,isiahpacheco,2026-08-11,143.5
half-ppr,jacorycroskeymerritt,2026-08-11,109.9
half-ppr,jadarianprice,2026-08-11,58.1
half-ppr,jahmyrgibbs,2026-08-11,1.5
half-ppr,jakebates,2026-08-11,144.6
half-ppr,jakeferguson,2026-08-11,149.1
half-ppr,jakobilane,2026-08-11,161.2
half-ppr,jakobimeyers,2026-08-11,76.3
half-ppr,jalencoker,2026-08-11,128.2
half-ppr,jalenhurts,2026-08-11,74.5
half-ppr,jalenmcmillan,2026-08-11,140.1
half-ppr,jalennailor,2026-08-11,142.3
half-ppr,jamarrchase,2026-08-11,4.1
half-ppr,jamescook,2026-08-11,11.9
half-ppr,jamesonwilliams,2026-08-11,41.0
half-ppr,jaredgoff,2026-08-11,108.8
half-ppr,jasonmyers,2026-08-11,133.0
half-ppr,jauanjennings,2026-08-11,145.3
half-ppr,javontewilliams,2026-08-11,36.0
half-ppr,jaxonsmithnjigba,2026-08-11,5.3
half-ppr,jaxsondart,2026-08-11,93.8
half-ppr,jaydendaniels,2026-08-11,66.8
half-ppr,jaydenhiggins,2026-08-11,132.3
half-ppr,jaydenreed,2026-08-11,92.7
half-ppr,jaylenwaddle,2026-08-11,51.8
half-ppr,jaylenwarren,2026-08-11,78.3
half-ppr,jeremiyahlove,2026-08-11,28.4
half-ppr,jerryjeudy,2026-08-11,133.1
half-ppr,jkdobbins,2026-08-11,84.7
half-ppr,joeburrow,2026-08-11,59.2
half-ppr,johnmetchie,2026-08-11,121.9
half-ppr,jonathantaylor,2026-08-11,6.0
half-ppr,jonathonbrooks,2026-08-11,114.1
half-ppr,jordanaddison,2026-08-11,92.3
half-ppr,jordanlove,2026-08-11,149.6
half-ppr,jordanmason,2026-08-11,120.1
half-ppr,jordyntyson,2026-08-11,81.2
half-ppr,joshallen,2026-08-11,23.3
half-ppr,joshdowns,2026-08-11,100.0
half-ppr,joshjacobs,2026-08-11,22.0
half-ppr,justicehill,2026-08-11,175.6
half-ppr,justinherbert,2026-08-11,105.5
half-ppr,justinjefferson,2026-08-11,15.0
half-ppr,juwanjohnson,2026-08-11,153.8
half-ppr,kaimifairbairn,2026-08-11,132.0
half-ppr,kayshonboutte,2026-08-11,163.4
half-ppr,kcconcepcion,2026-08-11,127.3
half-ppr,keatonmitchell,2026-08-11,151.6
half-ppr,kennethwalker,2026-08-11,26.8
half-ppr,kennygainwell,2026-08-11,98.6
half-ppr,khalilshakir,2026-08-11,104.4
half-ppr,kimanividal,2026-08-11,150.2
half-ppr,kylemonangai,2026-08-11,100.1
half-ppr,kylepitts,2026-08-11,82.6
half-ppr,kylermurray,2026-08-11,147.7
half-ppr,kyrenwilliams,2026-08-11,32.3
half-ppr,laddmcconkey,2026-08-11,46.2
half-ppr,lamarjackson,2026-08-11,50.4
half-ppr,lutherburden,2026-08-11,54.9
half-ppr,makailemon,2026-08-11,100.8
half-ppr,maliknabers,2026-08-11,33.0
half-ppr,malikwashington,2026-08-11,159.1
half-ppr,malikwillis,2026-08-11,157.6
half-ppr,markandrews,2026-08-11,135.5
half-ppr,marvinharrison,2026-08-11,62.1
half-ppr,matthewgolden,2026-08-11,117.7
half-ppr,matthewstafford,2026-08-11,81.6
half-ppr,michaelpittman,2026-08-11,79.2
half-ppr,michaelwilson,2026-08-11,88.7
half-ppr,mikeevans,2026-08-11,58.3
half-ppr,nickfolk,2026-08-11,154.9
half-ppr,nicocollins,2026-08-11,23.3
half-ppr,omarcooper,2026-08-11,161.1
half-ppr,omarionhampton,2026-08-11,21.8
half-ppr,parkerwashington,2026-08-11,69.1
half-ppr,patrickmahomes,2026-08-11,97.9
half-ppr,pukanacua,2026-08-11,2.8
half-ppr,quentinjohnston,2026-08-11,80.4
half-ppr,quinshonjudkins,2026-08-11,47.8
half-ppr,rachaadwhite,2026-08-11,106.1
half-ppr,rasheerice,2026-08-11,12.3
half-ppr,rashidshaheed,2026-08-11,112.4
half-ppr,rashodbateman,2026-08-11,133.4
half-ppr,rhamondrestevenson,2026-08-11,73.5
half-ppr,rickypearsall,2026-08-11,109.4
half-ppr,ricodowdle,2026-08-11,65.7
half-ppr,rjharvey,2026-08-11,89.9
half-ppr,romeodoubs,2026-08-11,109.6
half-ppr,romeodunze,2026-08-11,44.6
half-ppr,samdarnold,2026-08-11,146.4
half-ppr,samlaporta,2026-08-11,93.3
half-ppr,saquonbarkley,2026-08-11,18.2
half-ppr,stefondiggs,2026-08-11,89.4
half-ppr,tankbigsby,2026-08-11,154.6
half-ppr,tankdell,2026-08-11,139.0
half-ppr,teehiggins,2026-08-11,38.5
half-ppr,terrymclaurin,2026-08-11,42.4
half-ppr,tetairoamcmillan,2026-08-11,36.2
half-ppr,theowease,2026-08-11,127.6
half-ppr,tonypollard,2026-08-11,65.8
half-ppr,travisetienne,2026-08-11,40.1
half-ppr,travishunter,2026-08-11,158.7
half-ppr,traviskelce,2026-08-11,125.1
half-ppr,tretucker,2026-08-11,135.7
half-ppr,treveyonhenderson,2026-08-11,57.1
half-ppr,trevorlawrence,2026-08-11,88.6
half-ppr,treymcbride,2026-08-11,45.0
half-ppr,tuckerkraft,2026-08-11,106.0
half-ppr,tyjaespears,2026-08-11,145.1
half-ppr,tylerallgeier,2026-08-11,152.6
half-ppr,tylerloop,2026-08-11,153.4
half-ppr,tylershough,2026-08-11,136.4
half-ppr,tylerwarren,2026-08-11,72.0
half-ppr,tyronetracy,2026-08-11,160.0
half-ppr,wandalerobinson,2026-08-11,78.3
half-ppr,willreichard,2026-08-11,158.9
half-ppr,willutz,2026-08-11,170.0
half-ppr,woodymarks,2026-08-11,145.2
half-ppr,xavierworthy,2026-08-11,101.3
half-ppr,zachcharbonnet,2026-08-11,135.2
half-ppr,zayflowers,2026-08-11,25.6
ppr,ATL,2026-08-11,158.9
ppr,BAL,2026-08-11,168.5
ppr,BUF,2026-08-11,166.4
ppr,CHI,2026-08-11,172.6
ppr,CIN,2026-08-11,175.2
ppr,CLE,2026-08-11,172.4
ppr,DAL,2026-08-11,164.0
ppr,DEN,2026-08-11,93.9
ppr,DET,2026-08-11,127.5
ppr,GB,2026-08-11,149.9
ppr,HOU,2026-08-11,107.4
ppr,JAX,2026-08-11,168.0
ppr,LA,2026-08-11,133.7
ppr,LAC,2026-08-11,144.3
ppr,MIA,2026-08-11,183.1
ppr,MIN,2026-08-11,119.4
ppr,NE,2026-08-11,135.6
ppr,NO,2026-08-11,171.8
ppr,NYG,2026-08-11,167.9
ppr,NYJ,2026-08-11,151.0
ppr,PHI,2026-08-11,137.5
ppr,PIT,2026-08-11,155.3
ppr,SEA,2026-08-11,101.7
ppr,SF,2026-08-11,169.8
ppr,TEN,2026-08-11,157.8
ppr,WAS,2026-08-11,171.7
ppr,aaronjones,2026-08-11,89.7
ppr,aaronrodgers,2026-08-11,172.0
ppr,adonaimitchell,2026-08-11,160.5
ppr,ajbarner,2026-08-11,165.8
ppr,ajbrown,2026-08-11,17.7
ppr,ajdillon,2026-08-11,166.4
ppr,alecpierce,2026-08-11,55.5
ppr,alvinkamara,2026-08-11,133.7
ppr,amonrastbrown,2026-08-11,7.0
ppr,antoniowilliams,2026-08-11,157.6
ppr,ashtonjeanty,2026-08-11,14.0
ppr,bakermayfield,2026-08-11,128.9
ppr,bhayshultuten,2026-08-11,51.8
ppr,bijanrobinson,2026-08-11,1.9
ppr,blakecorum,2026-08-11,122.4
ppr,bonix,2026-08-11,121.1
ppr,brandonaubrey,2026-08-11,131.8
ppr,breecehall,2026-08-11,27.2
ppr,brentonstrange,2026-08-11,166.3
ppr,brianrobinson,2026-08-11,166.9
ppr,brianthomas,2026-08-11,81.6
ppr,brockbowers,2026-08-11,41.0
ppr,brockpurdy,2026-08-11,76.5
ppr,bryceyoung,2026-08-11,175.8
ppr,buckyirving,2026-08-11,43.1
ppr,cairosantos,2026-08-11,156.2
ppr,calebwilliams,2026-08-11,107.3
ppr,calvinridley,2026-08-11,132.6
ppr,camerondicker,2026-08-11,142.7
ppr,camlittle,2026-08-11,161.3
ppr,camskattebo,2026-08-11,30.7
ppr,camward,2026-08-11,174.8
ppr,carnelltate,2026-08-11,77.0
ppr,ceedeelamb,2026-08-11,11.3
ppr,charliesmyth,2026-08-11,145.6
ppr,chasebrown,2026-08-11,12.2
ppr,chasemclaughlin,2026-08-11,154.8
ppr,chigokonkwo,2026-08-11,163.5
ppr,chrisboswell,2026-08-11,167.5
ppr,chrisgodwin,2026-08-11,91.5
ppr,chrisolave,2026-08-11,20.2
ppr,chrisrodriguez,2026-08-11,164.1
ppr,christiankirk,2026-08-11,182.9
ppr,christianmccaffrey,2026-08-11,5.6
ppr,christianwatson,2026-08-11,70.5
ppr,chubahubbard,2026-08-11,75.3
ppr,cjstroud,2026-08-11,162.0
ppr,colstonloveland,2026-08-11,60.6
ppr,cooperkupp,2026-08-11,160.7
ppr,courtlandsutton,2026-08-11,59.6
ppr,cyrusallen,2026-08-11,163.7
ppr,dakprescott,2026-08-11,66.0
ppr,dallasgoedert,2026-08-11,104.2
ppr,daltonkincaid,2026-08-11,153.4
ppr,daltonschultz,2026-08-11,151.9
ppr,dandreswift,2026-08-11,43.9
ppr,danieljones,2026-08-11,146.2
ppr,dariusslayton,2026-08-11,183.5
ppr,darnellmooney,2026-08-11,186.4
ppr,davanteadams,2026-08-11,41.1
ppr,davidmontgomery,2026-08-11,65.8
ppr,deebosamuel,2026-08-11,95.5
ppr,denzelboston,2026-08-11,154.6
ppr,derrickhenry,2026-08-11,15.7
ppr,devonachane,2026-08-11,9.9
ppr,devontasmith,2026-08-11,29.3
ppr,dezhaunstribling,2026-08-11,157.2
ppr,djmoore,2026-08-11,52.6
ppr,dkmetcalf,2026-08-11,65.4
ppr,dontayvionwicks,2026-08-11,177.9
ppr,drakelondon,2026-08-11,10.2
ppr,drakemaye,2026-08-11,50.2
ppr,dylansampson,2026-08-11,161.0
ppr,eddypineiro,2026-08-11,156.9
ppr,emaridemercado,2026-08-11,168.3
ppr,emekaegbuka,2026-08-11,34.3
ppr,evanmcpherson,2026-08-11,166.7
ppr,fernandomendoza,2026-08-11,169.1
ppr,garrettwilson,2026-08-11,28.8
ppr,georgekittle,2026-08-11,116.7
ppr,georgepickens,2026-08-11,21.3
ppr,germiebernard,2026-08-11,168.0
ppr,gregdulcich,2026-08-11,173.0
ppr,haroldfannin,2026-08-11,82.5
ppr,harrisonbutker,2026-08-11,162.5
ppr,harrisonmevis,2026-08-11,150.8
ppr,hunterhenry,2026-08-11,159.0
ppr,isaacteslaa,2026-08-11,173.3
ppr,isaiahlikely,2026-08-11,133.8
ppr,isiahpacheco,2026-08-11,147.4
ppr,jacobybrissett,2026-08-11,166.0
ppr,jacorycroskeymerritt,2026-08-11,111.4
ppr,jadarianprice,2026-08-11,63.0
ppr,jahmyrgibbs,2026-08-11,1.7
ppr,jakebates,2026-08-11,148.5
ppr,jakeferguson,2026-08-11,140.7
ppr,jakobilane,2026-08-11,154.3
ppr,jakobimeyers,2026-08-11,75.8
ppr,jalencoker,2026-08-11,127.8
ppr,jalenhurts,2026-08-11,73.7
ppr,jalenmcmillan,2026-08-11,150.8
ppr,jalennailor,2026-08-11,160.8
ppr,jamarrchase,2026-08-11,3.9
ppr,jamesconner,2026-08-11,176.5
ppr,jamescook,2026-08-11,14.9
ppr,jamesonwilliams,2026-08-11,46.0
ppr,jaredgoff,2026-08-11,107.2
ppr,jasonmyers,2026-08-11,132.5
ppr,jauanjennings,2026-08-11,147.0
ppr,javontewilliams,2026-08-11,36.0
ppr,jaxonsmithnjigba,2026-08-11,5.8
ppr,jaxsondart,2026-08-11,101.6
ppr,jaydendaniels,2026-08-11,67.1
ppr,jaydenhiggins,2026-08-11,137.1
ppr,jaydenreed,2026-08-11,95.8
ppr,jaydonblue,2026-08-11,153.1
ppr,jaylenwaddle,2026-08-11,48.9
ppr,jaylenwarren,2026-08-11,68.7
ppr,jeremiyahlove,2026-08-11,25.9
ppr,jerryjeudy,2026-08-11,134.9
ppr,jkdobbins,2026-08-11,91.8
ppr,joeburrow,2026-08-11,57.5
ppr,johnmetchie,2026-08-11,119.6
ppr,jonahcoleman,2026-08-11,144.4
ppr,jonathantaylor,2026-08-11,7.4
ppr,jonathonbrooks,2026-08-11,110.0
ppr,jordanaddison,2026-08-11,103.6
ppr,jordanjames,2026-08-11,160.1
ppr,jordanlove,2026-08-11,150.3
ppr,jordanmason,2026-08-11,122.7
ppr,jordyntyson,2026-08-11,87.0
ppr,joshallen,2026-08-11,26.7
ppr,joshdowns,2026-08-11,92.2
ppr,joshjacobs,2026-08-11,24.2
ppr,justicehill,2026-08-11,165.2
ppr,justinherbert,2026-08-11,105.1
ppr,justinjefferson,2026-08-11,14.2
ppr,juwanjohnson,2026-08-11,158.9
ppr,kaelonblack,2026-08-11,163.2
ppr,kaimifairbairn,2026-08-11,136.8
ppr,kayshonboutte,2026-08-11,174.6
ppr,kcconcepcion,2026-08-11,130.4
ppr,keatonmitchell,2026-08-11,159.4
ppr,kennethwalker,2026-08-11,26.3
ppr,kennygainwell,2026-08-11,88.2
ppr,kenyonsadiq,2026-08-11,159.1
ppr,khalilshakir,2026-08-11,102.7
ppr,kimanividal,2026-08-11,166.2
ppr,kylemonangai,2026-08-11,100.1
ppr,kylepitts,2026-08-11,77.9
ppr,kylermurray,2026-08-11,146.0
ppr,kyrenwilliams,2026-08-11,32.9
ppr,laddmcconkey,2026-08-11,44.3
ppr,lamarjackson,2026-08-11,52.7
ppr,lutherburden,2026-08-11,52.9
ppr,makailemon,2026-08-11,108.0
ppr,maliknabers,2026-08-11,32.7
ppr,malikwashington,2026-08-11,156.1
ppr,malikwillis,2026-08-11,159.2
ppr,markandrews,2026-08-11,143.2
ppr,marvinharrison,2026-08-11,63.8
ppr,matthewgolden,2026-08-11,121.9
ppr,matthewstafford,2026-08-11,83.5
ppr,michaelpittman,2026-08-11,72.3
ppr,michaelwilson,2026-08-11,88.8
ppr,mikeevans,2026-08-11,59.4
ppr,mikewashington,2026-08-11,160.4
ppr,nicholassingleton,2026-08-11,164.0
ppr,nickfolk,2026-08-11,159.9
ppr,nicocollins,2026-08-11,23.6
ppr,omarcooper,2026-08-11,166.5
ppr,omarionhampton,2026-08-11,19.6
ppr,orondegadsden,2026-08-11,149.6
ppr,parkerwashington,2026-08-11,73.1
ppr,patrickmahomes,2026-08-11,97.3
ppr,pukanacua,2026-08-11,2.9
ppr,quentinjohnston,2026-08-11,96.3
ppr,quinshonjudkins,2026-08-11,50.0
ppr,rachaadwhite,2026-08-11,99.3
ppr,rasheerice,2026-08-11,11.6
ppr,rashidshaheed,2026-08-11,121.6
ppr,rashodbateman,2026-08-11,152.5
ppr,raydavis,2026-08-11,157.1
ppr,rhamondrestevenson,2026-08-11,72.0
ppr,rickypearsall,2026-08-11,112.0
ppr,ricodowdle,2026-08-11,66.7
ppr,rjharvey,2026-08-11,82.8
ppr,romeodoubs,2026-08-11,115.0
ppr,romeodunze,2026-08-11,49.3
ppr,ryanflournoy,2026-08-11,176.7
ppr,samajeperine,2026-08-11,166.1
ppr,samdarnold,2026-08-11,142.3
ppr,samlaporta,2026-08-11,88.3
ppr,saquonbarkley,2026-08-11,18.9
ppr,stefondiggs,2026-08-11,87.2
ppr,tankbigsby,2026-08-11,155.1
ppr,tankdell,2026-08-11,147.8
ppr,teehiggins,2026-08-11,38.8
ppr,terrymclaurin,2026-08-11,42.9
ppr,tetairoamcmillan,2026-08-11,34.3
ppr,theowease,2026-08-11,137.6
ppr,tjhockenson,2026-08-11,153.3
ppr,tonypollard,2026-08-11,65.1
ppr,toryhorton,2026-08-11,169.4
ppr,travisetienne,2026-08-11,38.1
ppr,travishunter,2026-08-11,163.2
ppr,traviskelce,2026-08-11,107.2
ppr,tretucker,2026-08-11,136.7
ppr,treveyonhenderson,2026-08-11,55.5
ppr,trevorlawrence,2026-08-11,89.5
ppr,treymcbride,2026-08-11,35.5
ppr,treysmack,2026-08-11,143.0
ppr,tuckerkraft,2026-08-11,108.7
ppr,tyjaespears,2026-08-11,130.1
ppr,tyjohnson,2026-08-11,183.3
ppr,tylerallgeier,2026-08-11,163.4
ppr,tylerbass,2026-08-11,172.0
ppr,tylerloop,2026-08-11,162.1
ppr,tylershough,2026-08-11,137.3
ppr,tylerwarren,2026-08-11,65.4
ppr,tyquanthornton,2026-08-11,184.4
ppr,tyronetracy,2026-08-11,155.6
ppr,wandalerobinson,2026-08-11,71.2
ppr,willreichard,2026-08-11,160.3
ppr,willutz,2026-08-11,163.3
ppr,woodymarks,2026-08-11,148.2
ppr,xavierworthy,2026-08-11,106.1
ppr,zachariahbranch,2026-08-11,173.4
ppr,zachcharbonnet,2026-08-11,138.9
ppr,zayflowers,2026-08-11,26.5
standard,ATL,2026-08-11,169.5
standard,BAL,2026-08-11,154.8
standard,BUF,2026-08-11,166.0
standard,DEN,2026-08-11,91.8
standard,DET,2026-08-11,116.6
standard,HOU,2026-08-11,111.4
standard,KC,2026-08-11,142.8
standard,LA,2026-08-11,139.0
standard,LAC,2026-08-11,146.6
standard,MIN,2026-08-11,120.8
standard,NE,2026-08-11,139.0
standard,PHI,2026-08-11,137.7
standard,PIT,2026-08-11,153.7
standard,SEA,2026-08-11,95.3
standard,TEN,2026-08-11,159.2
standard,aaronjones,2026-08-11,98.5
standard,adonaimitchell,2026-08-11,158.1
standard,ajbrown,2026-08-11,19.7
standard,alecpierce,2026-08-11,44.6
standard,alvinkamara,2026-08-11,145.8
standard,amonrastbrown,2026-08-11,8.8
standard,antoniowilliams,2026-08-11,149.6
standard,ashtonjeanty,2026-08-11,16.3
standard,bakermayfield,2026-08-11,134.5
standard,bhayshultuten,2026-08-11,50.1
standard,bijanrobinson,2026-08-11,2.4
standard,blakecorum,2026-08-11,110.0
standard,bonix,2026-08-11,122.8
standard,brandonaubrey,2026-08-11,131.2
standard,breecehall,2026-08-11,27.8
standard,brentonstrange,2026-08-11,164.0
standard,brianrobinson,2026-08-11,148.1
standard,brianthomas,2026-08-11,67.7
standard,brockbowers,2026-08-11,53.6
standard,brockpurdy,2026-08-11,71.9
standard,buckyirving,2026-08-11,45.3
standard,cairosantos,2026-08-11,160.0
standard,calebwilliams,2026-08-11,105.9
standard,calvinridley,2026-08-11,108.4
standard,camerondicker,2026-08-11,145.8
standard,camlittle,2026-08-11,157.6
standard,camskattebo,2026-08-11,34.2
standard,carnelltate,2026-08-11,74.4
standard,ceedeelamb,2026-08-11,14.6
standard,chasebrown,2026-08-11,19.0
standard,chasemclaughlin,2026-08-11,164.0
standard,chrisboswell,2026-08-11,151.9
standard,chrisgodwin,2026-08-11,87.8
standard,chrisolave,2026-08-11,26.1
standard,chrisrodriguez,2026-08-11,147.0
standard,christianmccaffrey,2026-08-11,6.5
standard,christianwatson,2026-08-11,59.7
standard,chubahubbard,2026-08-11,82.0
standard,colstonloveland,2026-08-11,74.3
standard,cooperkupp,2026-08-11,156.8
standard,courtlandsutton,2026-08-11,51.4
standard,dakprescott,2026-08-11,62.5
standard,dallasgoedert,2026-08-11,100.4
standard,daltonkincaid,2026-08-11,148.5
standard,dandreswift,2026-08-11,41.5
standard,danieljones,2026-08-11,142.6
standard,darnellmooney,2026-08-11,164.1
standard,davanteadams,2026-08-11,34.9
standard,davidmontgomery,2026-08-11,60.6
standard,deebosamuel,2026-08-11,83.4
standard,denzelboston,2026-08-11,147.4
standard,derrickhenry,2026-08-11,6.4
standard,devonachane,2026-08-11,12.7
standard,devontasmith,2026-08-11,38.6
standard,dezhaunstribling,2026-08-11,156.5
standard,djmoore,2026-08-11,46.7
standard,dkmetcalf,2026-08-11,63.2
standard,drakelondon,2026-08-11,11.7
standard,drakemaye,2026-08-11,46.4
standard,eddypineiro,2026-08-11,162.0
standard,emekaegbuka,2026-08-11,29.1
standard,evanmcpherson,2026-08-11,169.7
standard,garrettwilson,2026-08-11,41.5
standard,georgekittle,2026-08-11,127.5
standard,georgepickens,2026-08-11,18.2
standard,germiebernard,2026-08-11,151.9
standard,haroldfannin,2026-08-11,103.4
standard,harrisonbutker,2026-08-11,164.4
standard,harrisonmevis,2026-08-11,131.0
standard,hunterhenry,2026-08-11,153.7
standard,isaiahlikely,2026-08-11,132.4
standard,isiahpacheco,2026-08-11,152.1
standard,jacorycroskeymerritt,2026-08-11,95.1
standard,jadarianprice,2026-08-11,53.1
standard,jahmyrgibbs,2026-08-11,1.6
standard,jakebates,2026-08-11,154.9
standard,jakeferguson,2026-08-11,162.8
standard,jakobimeyers,2026-08-11,79.8
standard,jalencoker,2026-08-11,121.9
standard,jalenhurts,2026-08-11,68.8
standard,jalenmcmillan,2026-08-11,140.2
standard,jalennailor,2026-08-11,149.2
standard,jamarrchase,2026-08-11,5.2
standard,jamescook,2026-08-11,9.6
standard,jamesonwilliams,2026-08-11,39.6
standard,jaredgoff,2026-08-11,107.7
standard,jasonmyers,2026-08-11,134.8
standard,jauanjennings,2026-08-11,148.6
standard,javontewilliams,2026-08-11,31.0
standard,jaxonsmithnjigba,2026-08-11,5.4
standard,jaxsondart,2026-08-11,98.3
standard,jaydendaniels,2026-08-11,66.7
standard,jaydenhiggins,2026-08-11,131.3
standard,jaydenreed,2026-08-11,85.7
standard,jaylenwaddle,2026-08-11,53.8
standard,jaylenwarren,2026-08-11,79.4
standard,jeremiyahlove,2026-08-11,28.5
standard,jerryjeudy,2026-08-11,131.3
standard,jkdobbins,2026-08-11,75.1
standard,joeburrow,2026-08-11,54.9
standard,johnmetchie,2026-08-11,129.7
standard,jonathantaylor,2026-08-11,4.2
standard,jonathonbrooks,2026-08-11,122.2
standard,jordanaddison,2026-08-11,79.2
standard,jordanlove,2026-08-11,155.0
standard,jordanmason,2026-08-11,113.6
standard,jordyntyson,2026-08-11,82.1
standard,joshallen,2026-08-11,19.0
standard,joshdowns,2026-08-11,111.0
standard,joshjacobs,2026-08-11,14.5
standard,justicehill,2026-08-11,168.6
standard,justinherbert,2026-08-11,100.6
standard,justinjefferson,2026-08-11,18.7
standard,kaimifairbairn,2026-08-11,134.8
standard,kayshonboutte,2026-08-11,156.7
standard,kcconcepcion,2026-08-11,125.8
standard,keatonmitchell,2026-08-11,156.9
standard,kennethwalker,2026-08-11,28.5
standard,kennygainwell,2026-08-11,121.5
standard,khalilshakir,2026-08-11,115.4
standard,kylemonangai,2026-08-11,92.5
standard,kylepitts,2026-08-11,95.2
standard,kylermurray,2026-08-11,151.8
standard,kyrenwilliams,2026-08-11,25.6
standard,laddmcconkey,2026-08-11,48.0
standard,lamarjackson,2026-08-11,49.4
standard,lutherburden,2026-08-11,55.1
standard,makailemon,2026-08-11,92.3
standard,maliknabers,2026-08-11,32.7
standard,malikwashington,2026-08-11,144.4
standard,malikwillis,2026-08-11,164.3
standard,markandrews,2026-08-11,132.5
standard,marvinharrison,2026-08-11,63.9
standard,matthewgolden,2026-08-11,109.5
standard,matthewstafford,2026-08-11,77.4
standard,michaelpittman,2026-08-11,93.4
standard,michaelwilson,2026-08-11,87.3
standard,mikeevans,2026-08-11,57.9
standard,nickfolk,2026-08-11,158.4
standard,nicocollins,2026-08-11,22.4
standard,omarcooper,2026-08-11,165.0
standard,omarionhampton,2026-08-11,21.3
standard,parkerwashington,2026-08-11,65.8
standard,patrickmahomes,2026-08-11,94.9
standard,pukanacua,2026-08-11,2.6
standard,quentinjohnston,2026-08-11,73.0
standard,quinshonjudkins,2026-08-11,46.5
standard,rachaadwhite,2026-08-11,112.3
standard,rasheerice,2026-08-11,13.6
standard,rashidshaheed,2026-08-11,97.0
standard,rashodbateman,2026-08-11,123.6
standard,raydavis,2026-08-11,167.0
standard,rhamondrestevenson,2026-08-11,69.7
standard,rickypearsall,2026-08-11,103.7
standard,ricodowdle,2026-08-11,66.8
standard,rjharvey,2026-08-11,98.4
standard,romeodoubs,2026-08-11,103.5
standard,romeodunze,2026-08-11,40.8
standard,samdarnold,2026-08-11,153.1
standard,samlaporta,2026-08-11,106.9
standard,saquonbarkley,2026-08-11,14.1
standard,stefondiggs,2026-08-11,90.9
standard,tankbigsby,2026-08-11,154.9
standard,tankdell,2026-08-11,139.2
standard,teehiggins,2026-08-11,34.4
standard,terrymclaurin,2026-08-11,44.4
standard,tetairoamcmillan,2026-08-11,37.9
standard,theowease,2026-08-11,122.6
standard,tonypollard,2026-08-11,62.8
standard,travisetienne,2026-08-11,40.6
standard,travishunter,2026-08-11,159.8
standard,traviskelce,2026-08-11,135.4
standard,treharris,2026-08-11,165.8
standard,tretucker,2026-08-11,125.6
standard,treveyonhenderson,2026-08-11,55.7
standard,trevorlawrence,2026-08-11,89.2
standard,treymcbride,2026-08-11,58.3
standard,tuckerkraft,2026-08-11,91.9
standard,tyjaespears,2026-08-11,156.6
standard,tylerallgeier,2026-08-11,149.8
standard,tylerloop,2026-08-11,166.5
standard,tylershough,2026-08-11,146.5
standard,tylerwarren,2026-08-11,81.9
standard,tyronetracy,2026-08-11,158.8
standard,wandalerobinson,2026-08-11,100.7
standard,willreichard,2026-08-11,170.6
standard,woodymarks,2026-08-11,143.2
standard,xavierworthy,2026-08-11,87.4
standard,zachcharbonnet,2026-08-11,134.4
standard,zayflowers,2026-08-11,25.0
half-ppr,ATL,2026-08-12,166.9
half-ppr,BAL,2026-08-12,168.8
half-ppr,BUF,2026-08-12,163.4
half-ppr,CLE,2026-08-12,189.1
half-ppr,DEN,2026-08-12,93.0
half-ppr,DET,2026-08-12,121.9
half-ppr,HOU,2026-08-12,110.7
half-ppr,JAX,2026-08-12,168.8
half-ppr,LA,2026-08-12,134.1
half-ppr,LAC,2026-08-12,146.7
half-ppr,MIA,2026-08-12,188.6
half-ppr,MIN,2026-08-12,120.5
half-ppr,NE,2026-08-12,135.5
half-ppr,NO,2026-08-12,169.4
half-ppr,PHI,2026-08-12,143.9
half-ppr,PIT,2026-08-12,155.2
half-ppr,SEA,2026-08-12,101.3
half-ppr,TEN,2026-08-12,162.3
half-ppr,aaronjones,2026-08-12,95.2
half-ppr,adonaimitchell,2026-08-12,158.8
half-ppr,ajbrown,2026-08-12,19.2
half-ppr,alecpierce,2026-08-12,47.8
half-ppr,alvinkamara,2026-08-12,144.0
half-ppr,amonrastbrown,2026-08-12,7.8
half-ppr,andyborregales,2026-08-12,172.4
half-ppr,antoniowilliams,2026-08-12,158.4
half-ppr,ashtonjeanty,2026-08-12,14.3
half-ppr,bakermayfield,2026-08-12,132.4
half-ppr,bhayshultuten,2026-08-12,51.5
half-ppr,bijanrobinson,2026-08-12,2.1
half-ppr,blakecorum,2026-08-12,119.6
half-ppr,bonix,2026-08-12,119.5
half-ppr,brandonaubrey,2026-08-12,131.1
half-ppr,breecehall,2026-08-12,26.1
half-ppr,brentonstrange,2026-08-12,156.5
half-ppr,brianthomas,2026-08-12,69.4
half-ppr,brockbowers,2026-08-12,46.3
half-ppr,brockpurdy,2026-08-12,68.2
half-ppr,buckyirving,2026-08-12,45.4
half-ppr,cairosantos,2026-08-12,155.1
half-ppr,calebwilliams,2026-08-12,108.0
half-ppr,calvinridley,2026-08-12,126.3
half-ppr,camerondicker,2026-08-12,143.4
half-ppr,camlittle,2026-08-12,167.9
half-ppr,camskattebo,2026-08-12,33.5
half-ppr,camward,2026-08-12,179.9
half-ppr,carnelltate,2026-08-12,75.7
half-ppr,ceedeelamb,2026-08-12,12.4
half-ppr,chasebrown,2026-08-12,16.3
half-ppr,chasemclaughlin,2026-08-12,162.1
half-ppr,chrisboswell,2026-08-12,169.3
half-ppr,chrisgodwin,2026-08-12,95.8
half-ppr,chrisolave,2026-08-12,23.1
half-ppr,chrisrodriguez,2026-08-12,159.9
half-ppr,christianmccaffrey,2026-08-12,6.6
half-ppr,christianwatson,2026-08-12,64.5
half-ppr,chubahubbard,2026-08-12,78.2
half-ppr,cjstroud,2026-08-12,172.8
half-ppr,colstonloveland,2026-08-12,67.5
half-ppr,cooperkupp,2026-08-12,156.2
half-ppr,courtlandsutton,2026-08-12,52.5
half-ppr,dakprescott,2026-08-12,67.6
half-ppr,dallasgoedert,2026-08-12,102.4
half-ppr,daltonkincaid,2026-08-12,148.8
half-ppr,dandreswift,2026-08-12,42.4
half-ppr,danieljones,2026-08-12,148.7
half-ppr,davanteadams,2026-08-12,39.7
half-ppr,davidmontgomery,2026-08-12,64.5
half-ppr,deebosamuel,2026-08-12,87.4
half-ppr,denzelboston,2026-08-12,150.6
half-ppr,derrickhenry,2026-08-12,9.8
half-ppr,devonachane,2026-08-12,10.9
half-ppr,devontasmith,2026-08-12,31.3
half-ppr,dezhaunstribling,2026-08-12,148.8
half-ppr,djmoore,2026-08-12,48.5
half-ppr,dkmetcalf,2026-08-12,63.1
half-ppr,drakelondon,2026-08-12,9.5
half-ppr,drakemaye,2026-08-12,46.1
half-ppr,eddypineiro,2026-08-12,156.1
half-ppr,emekaegbuka,2026-08-12,32.0
half-ppr,evanmcpherson,2026-08-12,169.4
half-ppr,garrettwilson,2026-08-12,30.9
half-ppr,georgekittle,2026-08-12,112.6
half-ppr,georgepickens,2026-08-12,19.6
half-ppr,haroldfannin,2026-08-12,85.6
half-ppr,harrisonbutker,2026-08-12,164.3
half-ppr,harrisonmevis,2026-08-12,138.4
half-ppr,hunterhenry,2026-08-12,161.0
half-ppr,isaiahlikely,2026-08-12,137.2
half-ppr,isiahpacheco,2026-08-12,144.2
half-ppr,jacorycroskeymerritt,2026-08-12,109.4
half-ppr,jadarianprice,2026-08-12,59.1
half-ppr,jahmyrgibbs,2026-08-12,1.5
half-ppr,jakebates,2026-08-12,147.3
half-ppr,jakeferguson,2026-08-12,147.3
half-ppr,jakobilane,2026-08-12,153.1
half-ppr,jakobimeyers,2026-08-12,77.5
half-ppr,jalencoker,2026-08-12,127.2
half-ppr,jalenhurts,2026-08-12,73.9
half-ppr,jalenmcmillan,2026-08-12,140.6
half-ppr,jalennailor,2026-08-12,144.2
half-ppr,jamarrchase,2026-08-12,4.1
half-ppr,jamesconner,2026-08-12,147.6
half-ppr,jamescook,2026-08-12,12.1
half-ppr,jamesonwilliams,2026-08-12,41.5
half-ppr,jaredgoff,2026-08-12,108.8
half-ppr,jasonmyers,2026-08-12,132.6
half-ppr,jauanjennings,2026-08-12,147.2
half-ppr,javontewilliams,2026-08-12,35.8
half-ppr,jaxonsmithnjigba,2026-08-12,5.3
half-ppr,jaxsondart,2026-08-12,93.8
half-ppr,jaydendaniels,2026-08-12,68.4
half-ppr,jaydenhiggins,2026-08-12,132.8
half-ppr,jaydenreed,2026-08-12,92.6
half-ppr,jaylenwaddle,2026-08-12,51.8
half-ppr,jaylenwarren,2026-08-12,78.1
half-ppr,jeremiyahlove,2026-08-12,28.2
half-ppr,jerryjeudy,2026-08-12,134.4
half-ppr,jkdobbins,2026-08-12,85.0
half-ppr,joeburrow,2026-08-12,58.6
half-ppr,johnmetchie,2026-08-12,122.2
half-ppr,jonahcoleman,2026-08-12,148.8
half-ppr,jonathantaylor,2026-08-12,5.8
half-ppr,jonathonbrooks,2026-08-12,112.2
half-ppr,jordanaddison,2026-08-12,91.3
half-ppr,jordanlove,2026-08-12,150.8
half-ppr,jordanmason,2026-08-12,118.7
half-ppr,jordyntyson,2026-08-12,81.7
half-ppr,joshallen,2026-08-12,22.8
half-ppr,joshdowns,2026-08-12,99.8
half-ppr,joshjacobs,2026-08-12,22.0
half-ppr,justinherbert,2026-08-12,104.0
half-ppr,justinjefferson,2026-08-12,15.4
half-ppr,juwanjohnson,2026-08-12,153.8
half-ppr,kaimifairbairn,2026-08-12,131.8
half-ppr,kayshonboutte,2026-08-12,165.2
half-ppr,kcconcepcion,2026-08-12,127.7
half-ppr,keatonmitchell,2026-08-12,154.1
half-ppr,kennethwalker,2026-08-12,26.9
half-ppr,kennygainwell,2026-08-12,96.8
half-ppr,kenyonsadiq,2026-08-12,151.7
half-ppr,khalilshakir,2026-08-12,104.4
half-ppr,kimanividal,2026-08-12,150.2
half-ppr,kylemonangai,2026-08-12,99.6
half-ppr,kylepitts,2026-08-12,82.2
half-ppr,kylermurray,2026-08-12,147.3
half-ppr,kyrenwilliams,2026-08-12,32.0
half-ppr,laddmcconkey,2026-08-12,45.7
half-ppr,lamarjackson,2026-08-12,49.2
half-ppr,lutherburden,2026-08-12,54.7
half-ppr,makailemon,2026-08-12,101.1
half-ppr,maliknabers,2026-08-12,31.5
half-ppr,malikwashington,2026-08-12,157.9
half-ppr,malikwillis,2026-08-12,155.4
half-ppr,markandrews,2026-08-12,138.4
half-ppr,marvinharrison,2026-08-12,62.1
half-ppr,matthewgolden,2026-08-12,117.4
half-ppr,matthewstafford,2026-08-12,79.6
half-ppr,michaelpittman,2026-08-12,80.6
half-ppr,michaelwilson,2026-08-12,88.4
half-ppr,mikeevans,2026-08-12,57.9
half-ppr,mikewashington,2026-08-12,168.1
half-ppr,nickfolk,2026-08-12,155.4
half-ppr,nicocollins,2026-08-12,23.6
half-ppr,omarcooper,2026-08-12,160.3
half-ppr,omarionhampton,2026-08-12,21.9
half-ppr,parkerwashington,2026-08-12,68.7
half-ppr,patrickmahomes,2026-08-12,98.5
half-ppr,pukanacua,2026-08-12,2.8
half-ppr,quentinjohnston,2026-08-12,80.7
half-ppr,quinshonjudkins,2026-08-12,47.8
half-ppr,rachaadwhite,2026-08-12,105.9
half-ppr,rasheerice,2026-08-12,12.2
half-ppr,rashidshaheed,2026-08-12,112.9
half-ppr,rashodbateman,2026-08-12,134.3
half-ppr,rhamondrestevenson,2026-08-12,73.3
half-ppr,rickypearsall,2026-08-12,110.2
half-ppr,ricodowdle,2026-08-12,64.2
half-ppr,rjharvey,2026-08-12,89.5
half-ppr,romeodoubs,2026-08-12,109.2
half-ppr,romeodunze,2026-08-12,44.4
half-ppr,samdarnold,2026-08-12,145.5
half-ppr,samlaporta,2026-08-12,92.6
half-ppr,saquonbarkley,2026-08-12,18.2
half-ppr,stefondiggs,2026-08-12,91.4
half-ppr,tankbigsby,2026-08-12,159.8
half-ppr,tankdell,2026-08-12,140.5
half-ppr,teehiggins,2026-08-12,38.1
half-ppr,terrymclaurin,2026-08-12,42.4
half-ppr,tetairoamcmillan,2026-08-12,36.6
half-ppr,theowease,2026-08-12,128.5
half-ppr,tonypollard,2026-08-12,66.2
half-ppr,travisetienne,2026-08-12,40.1
half-ppr,travishunter,2026-08-12,158.2
half-ppr,traviskelce,2026-08-12,128.1
half-ppr,tretucker,2026-08-12,136.1
half-ppr,treveyonhenderson,2026-08-12,57.2
half-ppr,trevorlawrence,2026-08-12,87.6
half-ppr,treymcbride,2026-08-12,45.0
half-ppr,tuckerkraft,2026-08-12,103.8
half-ppr,tyjaespears,2026-08-12,146.1
half-ppr,tylerallgeier,2026-08-12,147.4
half-ppr,tylerloop,2026-08-12,155.0
half-ppr,tylershough,2026-08-12,138.4
half-ppr,tylerwarren,2026-08-12,72.4
half-ppr,tyronetracy,2026-08-12,160.2
half-ppr,wandalerobinson,2026-08-12,78.6
half-ppr,willreichard,2026-08-12,153.4
half-ppr,willutz,2026-08-12,171.9
half-ppr,woodymarks,2026-08-12,145.3
half-ppr,xavierworthy,2026-08-12,100.9
half-ppr,zachcharbonnet,2026-08-12,134.8
half-ppr,zayflowers,2026-08-12,25.5
ppr,ATL,2026-08-12,161.8
ppr,BAL,2026-08-12,168.2
ppr,BUF,2026-08-12,167.0
ppr,CHI,2026-08-12,175.5
ppr,CIN,2026-08-12,174.9
ppr,CLE,2026-08-12,172.2
ppr,DAL,2026-08-12,163.0
ppr,DEN,2026-08-12,94.3
ppr,DET,2026-08-12,128.4
ppr,GB,2026-08-12,151.6
ppr,HOU,2026-08-12,107.6
ppr,JAX,2026-08-12,167.3
ppr,LA,2026-08-12,134.1
ppr,LAC,2026-08-12,144.7
ppr,MIA,2026-08-12,181.8
ppr,MIN,2026-08-12,119.3
ppr,NE,2026-08-12,136.4
ppr,NO,2026-08-12,170.5
ppr,NYG,2026-08-12,166.7
ppr,NYJ,2026-08-12,149.9
ppr,PHI,2026-08-12,136.4
ppr,PIT,2026-08-12,155.0
ppr,SEA,2026-08-12,102.0
ppr,SF,2026-08-12,173.9
ppr,TEN,2026-08-12,158.1
ppr,WAS,2026-08-12,171.7
ppr,aaronjones,2026-08-12,90.7
ppr,aaronrodgers,2026-08-12,168.1
ppr,adonaimitchell,2026-08-12,163.1
ppr,ajbarner,2026-08-12,165.8
ppr,ajbrown,2026-08-12,17.8
ppr,ajdillon,2026-08-12,163.0
ppr,alecpierce,2026-08-12,55.3
ppr,alvinkamara,2026-08-12,134.1
ppr,amonrastbrown,2026-08-12,7.0
ppr,antoniowilliams,2026-08-12,159.6
ppr,ashtonjeanty,2026-08-12,13.8
ppr,bakermayfield,2026-08-12,128.6
ppr,bhayshultuten,2026-08-12,52.3
ppr,bijanrobinson,2026-08-12,1.8
ppr,blakecorum,2026-08-12,122.4
ppr,bonix,2026-08-12,121.5
ppr,brandonaubrey,2026-08-12,131.6
ppr,breecehall,2026-08-12,27.0
ppr,brentonstrange,2026-08-12,165.0
ppr,brianrobinson,2026-08-12,164.0
ppr,brianthomas,2026-08-12,81.1
ppr,brockbowers,2026-08-12,41.1
ppr,brockpurdy,2026-08-12,75.7
ppr,bryceyoung,2026-08-12,174.2
ppr,buckyirving,2026-08-12,43.0
ppr,cadeotton,2026-08-12,142.6
ppr,cairosantos,2026-08-12,156.8
ppr,calebwilliams,2026-08-12,107.5
ppr,calvinridley,2026-08-12,132.8
ppr,camerondicker,2026-08-12,142.6
ppr,camlittle,2026-08-12,161.7
ppr,camskattebo,2026-08-12,30.8
ppr,camward,2026-08-12,175.6
ppr,carnelltate,2026-08-12,77.4
ppr,ceedeelamb,2026-08-12,11.2
ppr,chasebrown,2026-08-12,12.1
ppr,chasemclaughlin,2026-08-12,155.2
ppr,chigokonkwo,2026-08-12,162.2
ppr,chrisboswell,2026-08-12,163.1
ppr,chrisgodwin,2026-08-12,92.4
ppr,chrisolave,2026-08-12,20.4
ppr,chrisrodriguez,2026-08-12,163.6
ppr,christiankirk,2026-08-12,183.6
ppr,christianmccaffrey,2026-08-12,5.8
ppr,christianwatson,2026-08-12,70.9
ppr,chubahubbard,2026-08-12,75.9
ppr,cjstroud,2026-08-12,162.5
ppr,colstonloveland,2026-08-12,60.8
ppr,cooperkupp,2026-08-12,159.4
ppr,courtlandsutton,2026-08-12,59.6
ppr,cyrusallen,2026-08-12,167.7
ppr,dakprescott,2026-08-12,65.4
ppr,dallasgoedert,2026-08-12,103.9
ppr,daltonkincaid,2026-08-12,152.0
ppr,daltonschultz,2026-08-12,157.5
ppr,dandreswift,2026-08-12,43.9
ppr,danieljones,2026-08-12,143.9
ppr,dariusslayton,2026-08-12,183.5
ppr,darnellmooney,2026-08-12,185.2
ppr,davanteadams,2026-08-12,41.5
ppr,davidmontgomery,2026-08-12,66.4
ppr,deebosamuel,2026-08-12,96.2
ppr,denzelboston,2026-08-12,155.7
ppr,derrickhenry,2026-08-12,15.4
ppr,devonachane,2026-08-12,10.1
ppr,devontasmith,2026-08-12,29.5
ppr,dezhaunstribling,2026-08-12,156.6
ppr,djmoore,2026-08-12,52.9
ppr,dkmetcalf,2026-08-12,65.9
ppr,dontayvionwicks,2026-08-12,176.0
ppr,drakelondon,2026-08-12,10.2
ppr,drakemaye,2026-08-12,49.8
ppr,dylansampson,2026-08-12,161.3
ppr,eddypineiro,2026-08-12,158.2
ppr,emaridemercado,2026-08-12,169.6
ppr,emekaegbuka,2026-08-12,34.4
ppr,evanmcpherson,2026-08-12,165.8
ppr,fernandomendoza,2026-08-12,164.6
ppr,garrettwilson,2026-08-12,29.0
ppr,georgekittle,2026-08-12,115.1
ppr,georgepickens,2026-08-12,21.1
ppr,germiebernard,2026-08-12,166.2
ppr,gregdulcich,2026-08-12,167.5
ppr,haroldfannin,2026-08-12,82.8
ppr,harrisonbutker,2026-08-12,163.7
ppr,harrisonmevis,2026-08-12,149.6
ppr,hunterhenry,2026-08-12,156.6
ppr,isaacteslaa,2026-08-12,176.3
ppr,isaiahlikely,2026-08-12,133.1
ppr,isiahpacheco,2026-08-12,147.7
ppr,jacobybrissett,2026-08-12,167.4
ppr,jacorycroskeymerritt,2026-08-12,111.3
ppr,jadarianprice,2026-08-12,63.0
ppr,jahmyrgibbs,2026-08-12,1.8
ppr,jakebates,2026-08-12,149.6
ppr,jakeferguson,2026-08-12,140.8
ppr,jakobilane,2026-08-12,158.4
ppr,jakobimeyers,2026-08-12,75.6
ppr,jalencoker,2026-08-12,127.3
ppr,jalenhurts,2026-08-12,73.7
ppr,jalenmcmillan,2026-08-12,152.8
ppr,jalennailor,2026-08-12,160.6
ppr,jamarrchase,2026-08-12,3.9
ppr,jamesconner,2026-08-12,183.1
ppr,jamescook,2026-08-12,14.9
ppr,jamesonwilliams,2026-08-12,45.8
ppr,jaredgoff,2026-08-12,107.9
ppr,jasonmyers,2026-08-12,133.7
ppr,jauanjennings,2026-08-12,147.7
ppr,javontewilliams,2026-08-12,35.8
ppr,jaxonsmithnjigba,2026-08-12,5.7
ppr,jaxsondart,2026-08-12,100.4
ppr,jaydendaniels,2026-08-12,67.0
ppr,jaydenhiggins,2026-08-12,137.1
ppr,jaydenreed,2026-08-12,97.2
ppr,jaydonblue,2026-08-12,155.2
ppr,jaylenwaddle,2026-08-12,48.9
ppr,jaylenwarren,2026-08-12,68.8
ppr,jeremiyahlove,2026-08-12,26.2
ppr,jerryjeudy,2026-08-12,134.7
ppr,jkdobbins,2026-08-12,91.9
ppr,joeburrow,2026-08-12,57.3
ppr,johnmetchie,2026-08-12,120.0
ppr,jonahcoleman,2026-08-12,146.8
ppr,jonathantaylor,2026-08-12,7.4
ppr,jonathonbrooks,2026-08-12,109.4
ppr,jordanaddison,2026-08-12,103.3
ppr,jordanjames,2026-08-12,162.8
ppr,jordanlove,2026-08-12,150.5
ppr,jordanmason,2026-08-12,122.8
ppr,jordyntyson,2026-08-12,87.1
ppr,joshallen,2026-08-12,26.6
ppr,joshdowns,2026-08-12,92.1
ppr,joshjacobs,2026-08-12,24.2
ppr,justicehill,2026-08-12,165.6
ppr,justinherbert,2026-08-12,104.2
ppr,justinjefferson,2026-08-12,14.6
ppr,juwanjohnson,2026-08-12,159.2
ppr,kaelonblack,2026-08-12,157.6
ppr,kaimifairbairn,2026-08-12,138.3
ppr,kayshonboutte,2026-08-12,173.4
ppr,kcconcepcion,2026-08-12,130.7
ppr,keatonmitchell,2026-08-12,160.2
ppr,kennethwalker,2026-08-12,26.2
ppr,kennygainwell,2026-08-12,88.0
ppr,kenyonsadiq,2026-08-12,158.8
ppr,khalilshakir,2026-08-12,102.0
ppr,kimanividal,2026-08-12,164.0
ppr,kylemonangai,2026-08-12,100.3
ppr,kylepitts,2026-08-12,78.3
ppr,kylermurray,2026-08-12,146.6
ppr,kyrenwilliams,2026-08-12,33.1
ppr,laddmcconkey,2026-08-12,44.3
ppr,lamarjackson,2026-08-12,52.6
ppr,lutherburden,2026-08-12,53.1
ppr,makailemon,2026-08-12,108.5
ppr,maliknabers,2026-08-12,31.9
ppr,malikwashington,2026-08-12,157.8
ppr,malikwillis,2026-08-12,160.4
ppr,markandrews,2026-08-12,145.0
ppr,marshawnlloyd,2026-08-12,140.0
ppr,marvinharrison,2026-08-12,63.9
ppr,matthewgolden,2026-08-12,122.6
ppr,matthewstafford,2026-08-12,83.7
ppr,michaelpittman,2026-08-12,72.2
ppr,michaelwilson,2026-08-12,88.6
ppr,mikeevans,2026-08-12,59.4
ppr,mikewashington,2026-08-12,157.5
ppr,nicholassingleton,2026-08-12,150.6
ppr,nickfolk,2026-08-12,157.6
ppr,nicocollins,2026-08-12,23.8
ppr,omarcooper,2026-08-12,165.4
ppr,omarionhampton,2026-08-12,19.6
ppr,orondegadsden,2026-08-12,150.7
ppr,parkerwashington,2026-08-12,72.3
ppr,patrickmahomes,2026-08-12,97.4
ppr,pukanacua,2026-08-12,2.9
ppr,quentinjohnston,2026-08-12,95.6
ppr,quinshonjudkins,2026-08-12,49.9
ppr,rachaadwhite,2026-08-12,99.9
ppr,rasheerice,2026-08-12,11.5
ppr,rashidshaheed,2026-08-12,121.9
ppr,rashodbateman,2026-08-12,156.0
ppr,raydavis,2026-08-12,154.0
ppr,rhamondrestevenson,2026-08-12,72.3
ppr,rickypearsall,2026-08-12,112.3
ppr,ricodowdle,2026-08-12,64.8
ppr,rjharvey,2026-08-12,82.6
ppr,romeodoubs,2026-08-12,116.0
ppr,romeodunze,2026-08-12,49.3
ppr,ryanflournoy,2026-08-12,176.7
ppr,samajeperine,2026-08-12,169.9
ppr,samdarnold,2026-08-12,142.4
ppr,samlaporta,2026-08-12,88.7
ppr,saquonbarkley,2026-08-12,19.0
ppr,stefondiggs,2026-08-12,90.5
ppr,tankbigsby,2026-08-12,154.1
ppr,tankdell,2026-08-12,146.6
ppr,teehiggins,2026-08-12,38.6
ppr,terrymclaurin,2026-08-12,43.0
ppr,tetairoamcmillan,2026-08-12,34.4
ppr,theowease,2026-08-12,138.5
ppr,tjhockenson,2026-08-12,146.5
ppr,tonypollard,2026-08-12,65.5
ppr,toryhorton,2026-08-12,169.4
ppr,travisetienne,2026-08-12,38.4
ppr,travishunter,2026-08-12,164.4
ppr,traviskelce,2026-08-12,108.7
ppr,tretucker,2026-08-12,135.5
ppr,treveyonhenderson,2026-08-12,55.4
ppr,trevorlawrence,2026-08-12,89.6
ppr,treymcbride,2026-08-12,35.7
ppr,treysmack,2026-08-12,143.0
ppr,tuckerkraft,2026-08-12,108.3
ppr,tyjaespears,2026-08-12,129.6
ppr,tyjohnson,2026-08-12,184.3
ppr,tylerallgeier,2026-08-12,164.3
ppr,tylerbass,2026-08-12,160.3
ppr,tylerloop,2026-08-12,162.5
ppr,tylershough,2026-08-12,137.7
ppr,tylerwarren,2026-08-12,65.4
ppr,tyquanthornton,2026-08-12,186.3
ppr,tyronetracy,2026-08-12,155.8
ppr,wandalerobinson,2026-08-12,71.0
ppr,willreichard,2026-08-12,161.2
ppr,willutz,2026-08-12,165.1
ppr,woodymarks,2026-08-12,149.2
ppr,xavierworthy,2026-08-12,105.9
ppr,zachariahbranch,2026-08-12,172.0
ppr,zachcharbonnet,2026-08-12,139.8
ppr,zayflowers,2026-08-12,26.4
standard,ATL,2026-08-12,169.5
standard,BAL,2026-08-12,156.1
standard,BUF,2026-08-12,166.4
standard,DEN,2026-08-12,91.7
standard,DET,2026-08-12,118.3
standard,HOU,2026-08-12,111.2
standard,KC,2026-08-12,143.0
standard,LA,2026-08-12,139.5
standard,LAC,2026-08-12,146.3
standard,MIN,2026-08-12,120.6
standard,NE,2026-08-12,138.4
standard,NO,2026-08-12,167.0
standard,PHI,2026-08-12,139.5
standard,PIT,2026-08-12,154.0
standard,SEA,2026-08-12,97.3
standard,TEN,2026-08-12,161.1
standard,aaronjones,2026-08-12,98.1
standard,adonaimitchell,2026-08-12,158.2
standard,ajbrown,2026-08-12,19.0
standard,alecpierce,2026-08-12,44.7
standard,alvinkamara,2026-08-12,148.6
standard,amonrastbrown,2026-08-12,8.7
standard,antoniowilliams,2026-08-12,148.2
standard,ashtonjeanty,2026-08-12,16.3
standard,bakermayfield,2026-08-12,136.1
standard,bhayshultuten,2026-08-12,50.3
standard,bijanrobinson,2026-08-12,2.3
standard,blakecorum,2026-08-12,108.8
standard,bonix,2026-08-12,120.2
standard,brandonaubrey,2026-08-12,130.9
standard,breecehall,2026-08-12,27.1
standard,brentonstrange,2026-08-12,165.8
standard,brianrobinson,2026-08-12,150.5
standard,brianthomas,2026-08-12,67.8
standard,brockbowers,2026-08-12,53.5
standard,brockpurdy,2026-08-12,70.0
standard,buckyirving,2026-08-12,45.6
standard,cairosantos,2026-08-12,162.9
standard,calebwilliams,2026-08-12,106.2
standard,calvinridley,2026-08-12,108.5
standard,camerondicker,2026-08-12,147.5
standard,camlittle,2026-08-12,158.0
standard,camskattebo,2026-08-12,34.2
standard,carnelltate,2026-08-12,74.0
standard,ceedeelamb,2026-08-12,14.4
standard,chasebrown,2026-08-12,19.0
standard,chasemclaughlin,2026-08-12,163.7
standard,chrisboswell,2026-08-12,157.0
standard,chrisgodwin,2026-08-12,88.1
standard,chrisolave,2026-08-12,25.9
standard,chrisrodriguez,2026-08-12,143.8
standard,christianmccaffrey,2026-08-12,6.6
standard,christianwatson,2026-08-12,59.5
standard,chubahubbard,2026-08-12,81.7
standard,cjstroud,2026-08-12,167.6
standard,colstonloveland,2026-08-12,73.9
standard,cooperkupp,2026-08-12,157.4
standard,courtlandsutton,2026-08-12,50.3
standard,dakprescott,2026-08-12,62.0
standard,dallasgoedert,2026-08-12,101.7
standard,daltonkincaid,2026-08-12,147.6
standard,dandreswift,2026-08-12,42.5
standard,danieljones,2026-08-12,142.1
standard,darnellmooney,2026-08-12,164.2
standard,davanteadams,2026-08-12,34.8
standard,davidmontgomery,2026-08-12,60.9
standard,deebosamuel,2026-08-12,82.6
standard,denzelboston,2026-08-12,148.3
standard,derrickhenry,2026-08-12,6.5
standard,devonachane,2026-08-12,12.9
standard,devontasmith,2026-08-12,38.9
standard,dezhaunstribling,2026-08-12,154.3
standard,djmoore,2026-08-12,47.0
standard,dkmetcalf,2026-08-12,62.7
standard,drakelondon,2026-08-12,11.1
standard,drakemaye,2026-08-12,45.7
standard,eddypineiro,2026-08-12,164.0
standard,emekaegbuka,2026-08-12,29.6
standard,evanmcpherson,2026-08-12,171.0
standard,garrettwilson,2026-08-12,41.1
standard,georgekittle,2026-08-12,125.8
standard,georgepickens,2026-08-12,17.9
standard,germiebernard,2026-08-12,155.8
standard,haroldfannin,2026-08-12,110.2
standard,harrisonbutker,2026-08-12,163.8
standard,harrisonmevis,2026-08-12,129.8
standard,hunterhenry,2026-08-12,153.7
standard,isaiahlikely,2026-08-12,132.8
standard,isiahpacheco,2026-08-12,150.8
standard,jacorycroskeymerritt,2026-08-12,95.0
standard,jadarianprice,2026-08-12,53.2
standard,jahmyrgibbs,2026-08-12,1.6
standard,jakebates,2026-08-12,152.5
standard,jakeferguson,2026-08-12,161.8
standard,jakobilane,2026-08-12,158.4
standard,jakobimeyers,2026-08-12,78.8
standard,jalencoker,2026-08-12,121.8
standard,jalenhurts,2026-08-12,68.0
standard,jalenmcmillan,2026-08-12,139.9
standard,jalennailor,2026-08-12,148.0
standard,jamarrchase,2026-08-12,5.1
standard,jamescook,2026-08-12,9.5
standard,jamesonwilliams,2026-08-12,39.7
standard,jaredgoff,2026-08-12,108.0
standard,jasonmyers,2026-08-12,135.7
standard,jauanjennings,2026-08-12,148.2
standard,javontewilliams,2026-08-12,30.7
standard,jaxonsmithnjigba,2026-08-12,5.5
standard,jaxsondart,2026-08-12,96.2
standard,jaydendaniels,2026-08-12,67.1
standard,jaydenhiggins,2026-08-12,129.9
standard,jaydenreed,2026-08-12,86.6
standard,jaylenwaddle,2026-08-12,53.6
standard,jaylenwarren,2026-08-12,79.4
standard,jeremiyahlove,2026-08-12,29.5
standard,jerryjeudy,2026-08-12,131.2
standard,jkdobbins,2026-08-12,75.4
standard,joeburrow,2026-08-12,54.8
standard,johnmetchie,2026-08-12,130.7
standard,jonathantaylor,2026-08-12,4.3
standard,jonathonbrooks,2026-08-12,121.1
standard,jordanaddison,2026-08-12,79.9
standard,jordanlove,2026-08-12,155.4
standard,jordanmason,2026-08-12,112.7
standard,jordyntyson,2026-08-12,80.2
standard,joshallen,2026-08-12,18.1
standard,joshdowns,2026-08-12,110.6
standard,joshjacobs,2026-08-12,14.0
standard,justinherbert,2026-08-12,100.0
standard,justinjefferson,2026-08-12,19.1
standard,kaimifairbairn,2026-08-12,137.9
standard,kayshonboutte,2026-08-12,154.2
standard,kcconcepcion,2026-08-12,126.5
standard,keatonmitchell,2026-08-12,158.6
standard,kennethwalker,2026-08-12,28.7
standard,kennygainwell,2026-08-12,121.1
standard,khalilshakir,2026-08-12,114.8
standard,kylemonangai,2026-08-12,91.3
standard,kylepitts,2026-08-12,95.6
standard,kylermurray,2026-08-12,153.3
standard,kyrenwilliams,2026-08-12,25.9
standard,laddmcconkey,2026-08-12,48.2
standard,lamarjackson,2026-08-12,49.5
standard,lutherburden,2026-08-12,54.1
standard,makailemon,2026-08-12,91.5
standard,maliknabers,2026-08-12,32.0
standard,malikwashington,2026-08-12,143.9
standard,malikwillis,2026-08-12,156.7
standard,markandrews,2026-08-12,131.7
standard,marvinharrison,2026-08-12,63.9
standard,matthewgolden,2026-08-12,107.7
standard,matthewstafford,2026-08-12,78.5
standard,michaelpittman,2026-08-12,94.2
standard,michaelwilson,2026-08-12,86.7
standard,mikeevans,2026-08-12,57.5
standard,nickfolk,2026-08-12,155.7
standard,nicocollins,2026-08-12,22.5
standard,omarcooper,2026-08-12,168.9
standard,omarionhampton,2026-08-12,21.6
standard,parkerwashington,2026-08-12,66.2
standard,patrickmahomes,2026-08-12,95.2
standard,pukanacua,2026-08-12,2.7
standard,quentinjohnston,2026-08-12,73.0
standard,quinshonjudkins,2026-08-12,47.0
standard,rachaadwhite,2026-08-12,112.0
standard,rasheerice,2026-08-12,13.3
standard,rashidshaheed,2026-08-12,96.2
standard,rashodbateman,2026-08-12,123.7
standard,rhamondrestevenson,2026-08-12,70.8
standard,rickypearsall,2026-08-12,103.4
standard,ricodowdle,2026-08-12,67.0
standard,rjharvey,2026-08-12,96.5
standard,romeodoubs,2026-08-12,103.4
standard,romeodunze,2026-08-12,40.1
standard,samdarnold,2026-08-12,153.7
standard,samlaporta,2026-08-12,109.6
standard,saquonbarkley,2026-08-12,14.3
standard,stefondiggs,2026-08-12,97.5
standard,tankbigsby,2026-08-12,149.7
standard,tankdell,2026-08-12,139.5
standard,teehiggins,2026-08-12,34.3
standard,terrymclaurin,2026-08-12,44.4
standard,tetairoamcmillan,2026-08-12,37.6
standard,theowease,2026-08-12,122.5
standard,tonypollard,2026-08-12,64.6
standard,travisetienne,2026-08-12,40.7
standard,travishunter,2026-08-12,159.7
standard,traviskelce,2026-08-12,135.6
standard,treharris,2026-08-12,168.0
standard,tretucker,2026-08-12,125.1
standard,treveyonhenderson,2026-08-12,55.5
standard,trevorlawrence,2026-08-12,88.9
standard,treymcbride,2026-08-12,57.9
standard,tuckerkraft,2026-08-12,91.1
standard,tyjaespears,2026-08-12,156.2
standard,tylerallgeier,2026-08-12,149.7
standard,tylerloop,2026-08-12,166.4
standard,tylershough,2026-08-12,145.5
standard,tylerwarren,2026-08-12,82.1
standard,tyronetracy,2026-08-12,156.3
standard,wandalerobinson,2026-08-12,100.3
standard,willreichard,2026-08-12,173.3
standard,woodymarks,2026-08-12,142.6
standard,xavierworthy,2026-08-12,87.1
standard,zachcharbonnet,2026-08-12,134.9
standard,zayflowers,2026-08-12,25.0
half-ppr,ATL,2026-08-13,167.6
half-ppr,BAL,2026-08-13,165.9
half-ppr,BUF,2026-08-13,160.3
half-ppr,CLE,2026-08-13,180.6
half-ppr,DEN,2026-08-13,91.0
half-ppr,DET,2026-08-13,123.7
half-ppr,HOU,2026-08-13,108.0
half-ppr,JAX,2026-08-13,149.6
half-ppr,LA,2026-08-13,130.7
half-ppr,LAC,2026-08-13,143.7
half-ppr,MIA,2026-08-13,190.4
half-ppr,MIN,2026-08-13,121.2
half-ppr,NE,2026-08-13,132.2
half-ppr,NO,2026-08-13,170.8
half-ppr,PHI,2026-08-13,139.8
half-ppr,PIT,2026-08-13,152.8
half-ppr,SEA,2026-08-13,99.0
half-ppr,TEN,2026-08-13,165.3
half-ppr,aaronjones,2026-08-13,96.5
half-ppr,adonaimitchell,2026-08-13,158.6
half-ppr,ajbrown,2026-08-13,19.0
half-ppr,alecpierce,2026-08-13,50.3
half-ppr,alvinkamara,2026-08-13,144.9
half-ppr,amonrastbrown,2026-08-13,7.6
half-ppr,andyborregales,2026-08-13,183.3
half-ppr,antoniowilliams,2026-08-13,158.5
half-ppr,ashtonjeanty,2026-08-13,14.8
half-ppr,bakermayfield,2026-08-13,133.2
half-ppr,bhayshultuten,2026-08-13,52.0
half-ppr,bijanrobinson,2026-08-13,2.1
half-ppr,blakecorum,2026-08-13,119.8
half-ppr,bonix,2026-08-13,118.6
half-ppr,brandonaubrey,2026-08-13,130.9
half-ppr,breecehall,2026-08-13,27.2
half-ppr,brentonstrange,2026-08-13,157.5
half-ppr,brianthomas,2026-08-13,69.5
half-ppr,brockbowers,2026-08-13,44.8
half-ppr,brockpurdy,2026-08-13,75.5
half-ppr,buckyirving,2026-08-13,45.7
half-ppr,cairosantos,2026-08-13,155.1
half-ppr,calebwilliams,2026-08-13,103.9
half-ppr,calvinridley,2026-08-13,129.4
half-ppr,camerondicker,2026-08-13,143.8
half-ppr,camlittle,2026-08-13,164.6
half-ppr,camskattebo,2026-08-13,34.3
half-ppr,camward,2026-08-13,184.9
half-ppr,carnelltate,2026-08-13,75.1
half-ppr,ceedeelamb,2026-08-13,12.6
half-ppr,chasebrown,2026-08-13,16.0
half-ppr,chasemclaughlin,2026-08-13,160.4
half-ppr,chigokonkwo,2026-08-13,176.3
half-ppr,chrisboswell,2026-08-13,167.6
half-ppr,chrisgodwin,2026-08-13,90.1
half-ppr,chrisolave,2026-08-13,23.3
half-ppr,chrisrodriguez,2026-08-13,158.2
half-ppr,christianmccaffrey,2026-08-13,6.7
half-ppr,christianwatson,2026-08-13,62.9
half-ppr,chubahubbard,2026-08-13,76.8
half-ppr,cjstroud,2026-08-13,169.6
half-ppr,colstonloveland,2026-08-13,66.1
half-ppr,cooperkupp,2026-08-13,155.5
half-ppr,courtlandsutton,2026-08-13,55.7
half-ppr,dakprescott,2026-08-13,67.3
half-ppr,dallasgoedert,2026-08-13,107.4
half-ppr,daltonkincaid,2026-08-13,144.5
half-ppr,dandreswift,2026-08-13,42.9
half-ppr,danieljones,2026-08-13,156.9
half-ppr,davanteadams,2026-08-13,39.3
half-ppr,davidmontgomery,2026-08-13,62.9
half-ppr,deebosamuel,2026-08-13,90.3
half-ppr,denzelboston,2026-08-13,150.0
half-ppr,derrickhenry,2026-08-13,10.0
half-ppr,devonachane,2026-08-13,11.1
half-ppr,devontasmith,2026-08-13,31.3
half-ppr,dezhaunstribling,2026-08-13,148.0
half-ppr,djmoore,2026-08-13,48.7
half-ppr,dkmetcalf,2026-08-13,62.3
half-ppr,drakelondon,2026-08-13,9.6
half-ppr,drakemaye,2026-08-13,46.2
half-ppr,dylansampson,2026-08-13,164.6
half-ppr,eddypineiro,2026-08-13,159.1
half-ppr,emekaegbuka,2026-08-13,32.5
half-ppr,evanmcpherson,2026-08-13,166.9
half-ppr,garrettwilson,2026-08-13,30.9
half-ppr,georgekittle,2026-08-13,116.0
half-ppr,georgepickens,2026-08-13,19.5
half-ppr,haroldfannin,2026-08-13,84.6
half-ppr,harrisonbutker,2026-08-13,165.6
half-ppr,harrisonmevis,2026-08-13,132.0
half-ppr,hunterhenry,2026-08-13,156.8
half-ppr,isaiahlikely,2026-08-13,136.0
half-ppr,isiahpacheco,2026-08-13,143.7
half-ppr,jacorycroskeymerritt,2026-08-13,109.5
half-ppr,jadarianprice,2026-08-13,66.7
half-ppr,jahmyrgibbs,2026-08-13,1.5
half-ppr,jakebates,2026-08-13,149.1
half-ppr,jakeferguson,2026-08-13,146.6
half-ppr,jakobilane,2026-08-13,160.6
half-ppr,jakobimeyers,2026-08-13,79.2
half-ppr,jalencoker,2026-08-13,124.6
half-ppr,jalenhurts,2026-08-13,74.9
half-ppr,jalenmcmillan,2026-08-13,139.4
half-ppr,jalennailor,2026-08-13,143.7
half-ppr,jamarrchase,2026-08-13,4.1
half-ppr,jamesconner,2026-08-13,147.6
half-ppr,jamescook,2026-08-13,11.7
half-ppr,jamesonwilliams,2026-08-13,41.3
half-ppr,jaredgoff,2026-08-13,108.8
half-ppr,jasonmyers,2026-08-13,133.2
half-ppr,jauanjennings,2026-08-13,146.5
half-ppr,javontewilliams,2026-08-13,36.0
half-ppr,jaxonsmithnjigba,2026-08-13,5.3
half-ppr,jaxsondart,2026-08-13,98.6
half-ppr,jaydendaniels,2026-08-13,71.7
half-ppr,jaydenhiggins,2026-08-13,130.6
half-ppr,jaydenreed,2026-08-13,90.5
half-ppr,jaylenwaddle,2026-08-13,51.0
half-ppr,jaylenwarren,2026-08-13,76.7
half-ppr,jeremiyahlove,2026-08-13,29.3
half-ppr,jerryjeudy,2026-08-13,135.9
half-ppr,jkdobbins,2026-08-13,86.4
half-ppr,joeburrow,2026-08-13,57.6
half-ppr,johnmetchie,2026-08-13,121.6
half-ppr,jonahcoleman,2026-08-13,154.2
half-ppr,jonathantaylor,2026-08-13,5.8
half-ppr,jonathonbrooks,2026-08-13,112.1
half-ppr,jordanaddison,2026-08-13,91.2
half-ppr,jordanjames,2026-08-13,162.4
half-ppr,jordanlove,2026-08-13,148.6
half-ppr,jordanmason,2026-08-13,117.4
half-ppr,jordyntyson,2026-08-13,85.3
half-ppr,joshallen,2026-08-13,24.8
half-ppr,joshdowns,2026-08-13,97.3
half-ppr,joshjacobs,2026-08-13,23.0
half-ppr,justinherbert,2026-08-13,103.9
half-ppr,justinjefferson,2026-08-13,15.2
half-ppr,juwanjohnson,2026-08-13,157.1
half-ppr,kaelonblack,2026-08-13,165.2
half-ppr,kaimifairbairn,2026-08-13,130.2
half-ppr,kayshonboutte,2026-08-13,168.9
half-ppr,kcconcepcion,2026-08-13,127.4
half-ppr,keatonmitchell,2026-08-13,148.1
half-ppr,kennethwalker,2026-08-13,26.4
half-ppr,kennygainwell,2026-08-13,98.1
half-ppr,kenyonsadiq,2026-08-13,163.2
half-ppr,khalilshakir,2026-08-13,103.2
half-ppr,kimanividal,2026-08-13,150.2
half-ppr,kylemonangai,2026-08-13,102.6
half-ppr,kylepitts,2026-08-13,82.4
half-ppr,kylermurray,2026-08-13,146.9
half-ppr,kyrenwilliams,2026-08-13,31.1
half-ppr,laddmcconkey,2026-08-13,44.9
half-ppr,lamarjackson,2026-08-13,50.9
half-ppr,lutherburden,2026-08-13,55.6
half-ppr,makailemon,2026-08-13,102.0
half-ppr,maliknabers,2026-08-13,30.3
half-ppr,malikwashington,2026-08-13,153.5
half-ppr,malikwillis,2026-08-13,160.7
half-ppr,markandrews,2026-08-13,137.5
half-ppr,marvinharrison,2026-08-13,62.3
half-ppr,matthewgolden,2026-08-13,115.9
half-ppr,matthewstafford,2026-08-13,77.2
half-ppr,michaelpittman,2026-08-13,80.5
half-ppr,michaelwilson,2026-08-13,84.9
half-ppr,mikeevans,2026-08-13,56.8
half-ppr,mikewashington,2026-08-13,168.1
half-ppr,nickfolk,2026-08-13,156.2
half-ppr,nicocollins,2026-08-13,23.3
half-ppr,omarcooper,2026-08-13,163.2
half-ppr,omarionhampton,2026-08-13,21.9
half-ppr,parkerwashington,2026-08-13,68.0
half-ppr,patrickmahomes,2026-08-13,99.2
half-ppr,pukanacua,2026-08-13,2.8
half-ppr,quentinjohnston,2026-08-13,81.6
half-ppr,quinshonjudkins,2026-08-13,49.0
half-ppr,rachaadwhite,2026-08-13,107.0
half-ppr,rasheerice,2026-08-13,12.8
half-ppr,rashidshaheed,2026-08-13,117.0
half-ppr,rashodbateman,2026-08-13,136.0
half-ppr,rhamondrestevenson,2026-08-13,72.0
half-ppr,rickypearsall,2026-08-13,111.5
half-ppr,ricodowdle,2026-08-13,67.2
half-ppr,rjharvey,2026-08-13,88.4
half-ppr,romeodoubs,2026-08-13,109.2
half-ppr,romeodunze,2026-08-13,44.8
half-ppr,ryanflournoy,2026-08-13,164.2
half-ppr,samdarnold,2026-08-13,145.4
half-ppr,samlaporta,2026-08-13,92.6
half-ppr,saquonbarkley,2026-08-13,18.2
half-ppr,stefondiggs,2026-08-13,93.3
half-ppr,tankbigsby,2026-08-13,161.5
half-ppr,tankdell,2026-08-13,145.5
half-ppr,teehiggins,2026-08-13,38.0
half-ppr,terrymclaurin,2026-08-13,42.9
half-ppr,tetairoamcmillan,2026-08-13,36.2
half-ppr,theowease,2026-08-13,131.2
half-ppr,tjhockenson,2026-08-13,159.7
half-ppr,tonypollard,2026-08-13,66.8
half-ppr,travisetienne,2026-08-13,41.2
half-ppr,travishunter,2026-08-13,157.3
half-ppr,traviskelce,2026-08-13,128.1
half-ppr,tretucker,2026-08-13,135.5
half-ppr,treveyonhenderson,2026-08-13,57.3
half-ppr,trevorlawrence,2026-08-13,88.7
half-ppr,treymcbride,2026-08-13,44.0
half-ppr,tuckerkraft,2026-08-13,102.1
half-ppr,tyjaespears,2026-08-13,147.7
half-ppr,tylerallgeier,2026-08-13,150.5
half-ppr,tylerloop,2026-08-13,156.1
half-ppr,tylershough,2026-08-13,137.3
half-ppr,tylerwarren,2026-08-13,71.4
half-ppr,tyronetracy,2026-08-13,158.3
half-ppr,wandalerobinson,2026-08-13,80.9
half-ppr,willreichard,2026-08-13,154.1
half-ppr,willutz,2026-08-13,171.8
half-ppr,woodymarks,2026-08-13,145.3
half-ppr,xavierworthy,2026-08-13,101.1
half-ppr,zachcharbonnet,2026-08-13,134.2
half-ppr,zayflowers,2026-08-13,25.2
ppr,ATL,2026-08-13,162.8
ppr,BAL,2026-08-13,164.2
ppr,BUF,2026-08-13,164.7
ppr,CHI,2026-08-13,169.4
ppr,CIN,2026-08-13,176.4
ppr,CLE,2026-08-13,172.0
ppr,DAL,2026-08-13,165.7
ppr,DEN,2026-08-13,93.9
ppr,DET,2026-08-13,126.9
ppr,GB,2026-08-13,156.7
ppr,HOU,2026-08-13,106.1
ppr,JAX,2026-08-13,154.9
ppr,LA,2026-08-13,131.3
ppr,LAC,2026-08-13,144.0
ppr,MIA,2026-08-13,178.6
ppr,MIN,2026-08-13,119.4
ppr,NE,2026-08-13,133.8
ppr,NO,2026-08-13,170.5
ppr,NYG,2026-08-13,168.9
ppr,NYJ,2026-08-13,152.4
ppr,PHI,2026-08-13,134.5
ppr,PIT,2026-08-13,152.2
ppr,SEA,2026-08-13,100.2
ppr,SF,2026-08-13,177.3
ppr,TEN,2026-08-13,158.8
ppr,WAS,2026-08-13,175.0
ppr,aaronjones,2026-08-13,92.5
ppr,aaronrodgers,2026-08-13,173.9
ppr,adonaimitchell,2026-08-13,162.2
ppr,ajbarner,2026-08-13,168.0
ppr,ajbrown,2026-08-13,17.7
ppr,ajdillon,2026-08-13,164.1
ppr,alecpierce,2026-08-13,56.2
ppr,alvinkamara,2026-08-13,136.2
ppr,amonrastbrown,2026-08-13,6.9
ppr,antoniowilliams,2026-08-13,160.7
ppr,ashtonjeanty,2026-08-13,14.1
ppr,bakermayfield,2026-08-13,128.4
ppr,bhayshultuten,2026-08-13,53.0
ppr,bijanrobinson,2026-08-13,1.7
ppr,blakecorum,2026-08-13,122.3
ppr,bonix,2026-08-13,121.0
ppr,braelonallen,2026-08-13,153.6
ppr,brandonaubrey,2026-08-13,131.0
ppr,breecehall,2026-08-13,27.3
ppr,brentonstrange,2026-08-13,165.1
ppr,brianrobinson,2026-08-13,165.1
ppr,brianthomas,2026-08-13,79.1
ppr,brockbowers,2026-08-13,40.7
ppr,brockpurdy,2026-08-13,77.9
ppr,bryceyoung,2026-08-13,171.2
ppr,buckyirving,2026-08-13,43.6
ppr,cadeotton,2026-08-13,153.3
ppr,cairosantos,2026-08-13,157.1
ppr,calebwilliams,2026-08-13,105.5
ppr,calvinridley,2026-08-13,133.2
ppr,camerondicker,2026-08-13,142.9
ppr,camlittle,2026-08-13,160.4
ppr,camskattebo,2026-08-13,31.5
ppr,camward,2026-08-13,174.2
ppr,carnelltate,2026-08-13,76.8
ppr,ceedeelamb,2026-08-13,11.2
ppr,chasebrown,2026-08-13,12.5
ppr,chasemclaughlin,2026-08-13,156.4
ppr,chigokonkwo,2026-08-13,162.3
ppr,chrisboswell,2026-08-13,162.0
ppr,chrisgodwin,2026-08-13,91.1
ppr,chrisolave,2026-08-13,20.7
ppr,chrisrodriguez,2026-08-13,163.6
ppr,christiankirk,2026-08-13,182.6
ppr,christianmccaffrey,2026-08-13,6.0
ppr,christianwatson,2026-08-13,69.9
ppr,chubahubbard,2026-08-13,75.8
ppr,cjstroud,2026-08-13,161.6
ppr,colstonloveland,2026-08-13,60.0
ppr,cooperkupp,2026-08-13,160.5
ppr,courtlandsutton,2026-08-13,59.9
ppr,cyrusallen,2026-08-13,161.8
ppr,dakprescott,2026-08-13,65.5
ppr,dallasgoedert,2026-08-13,108.0
ppr,daltonkincaid,2026-08-13,151.8
ppr,daltonschultz,2026-08-13,160.3
ppr,dandreswift,2026-08-13,44.5
ppr,danieljones,2026-08-13,146.7
ppr,dariusslayton,2026-08-13,180.0
ppr,darnellmooney,2026-08-13,184.5
ppr,davanteadams,2026-08-13,41.2
ppr,davidmontgomery,2026-08-13,65.8
ppr,deebosamuel,2026-08-13,99.9
ppr,denzelboston,2026-08-13,153.1
ppr,derrickhenry,2026-08-13,15.9
ppr,devonachane,2026-08-13,10.2
ppr,devontasmith,2026-08-13,29.2
ppr,dezhaunstribling,2026-08-13,155.8
ppr,djmoore,2026-08-13,52.7
ppr,dkmetcalf,2026-08-13,65.5
ppr,dontayvionwicks,2026-08-13,177.3
ppr,drakelondon,2026-08-13,10.1
ppr,drakemaye,2026-08-13,50.0
ppr,dylansampson,2026-08-13,160.0
ppr,eddypineiro,2026-08-13,159.2
ppr,emaridemercado,2026-08-13,168.0
ppr,emekaegbuka,2026-08-13,34.8
ppr,evanmcpherson,2026-08-13,166.2
ppr,fernandomendoza,2026-08-13,165.0
ppr,garrettwilson,2026-08-13,28.7
ppr,georgekittle,2026-08-13,114.2
ppr,georgepickens,2026-08-13,20.8
ppr,germiebernard,2026-08-13,170.0
ppr,gregdulcich,2026-08-13,167.9
ppr,haroldfannin,2026-08-13,81.7
ppr,harrisonbutker,2026-08-13,162.3
ppr,harrisonmevis,2026-08-13,150.0
ppr,hunterhenry,2026-08-13,157.9
ppr,isaacteslaa,2026-08-13,177.4
ppr,isaiahlikely,2026-08-13,132.7
ppr,isiahpacheco,2026-08-13,149.0
ppr,jacobybrissett,2026-08-13,165.8
ppr,jacorycroskeymerritt,2026-08-13,111.5
ppr,jadarianprice,2026-08-13,68.2
ppr,jahmyrgibbs,2026-08-13,1.8
ppr,jakebates,2026-08-13,149.0
ppr,jakeferguson,2026-08-13,139.2
ppr,jakobilane,2026-08-13,160.8
ppr,jakobimeyers,2026-08-13,77.2
ppr,jalencoker,2026-08-13,126.1
ppr,jalenhurts,2026-08-13,74.9
ppr,jalenmcmillan,2026-08-13,152.0
ppr,jalennailor,2026-08-13,158.7
ppr,jamarrchase,2026-08-13,3.9
ppr,jamesconner,2026-08-13,184.8
ppr,jamescook,2026-08-13,14.5
ppr,jamesonwilliams,2026-08-13,45.4
ppr,jaredgoff,2026-08-13,108.1
ppr,jasonmyers,2026-08-13,135.4
ppr,jauanjennings,2026-08-13,146.3
ppr,javontewilliams,2026-08-13,36.2
ppr,jaxonsmithnjigba,2026-08-13,5.6
ppr,jaxsondart,2026-08-13,101.4
ppr,jaydendaniels,2026-08-13,68.0
ppr,jaydenhiggins,2026-08-13,135.2
ppr,jaydenreed,2026-08-13,96.8
ppr,jaydonblue,2026-08-13,152.0
ppr,jaylenwaddle,2026-08-13,48.1
ppr,jaylenwarren,2026-08-13,68.5
ppr,jeremiyahlove,2026-08-13,26.9
ppr,jerryjeudy,2026-08-13,135.1
ppr,jkdobbins,2026-08-13,92.9
ppr,joeburrow,2026-08-13,56.9
ppr,johnmetchie,2026-08-13,121.3
ppr,jonahcoleman,2026-08-13,147.7
ppr,jonathantaylor,2026-08-13,7.4
ppr,jonathonbrooks,2026-08-13,109.1
ppr,jordanaddison,2026-08-13,102.9
ppr,jordanjames,2026-08-13,163.4
ppr,jordanlove,2026-08-13,148.0
ppr,jordanmason,2026-08-13,122.9
ppr,jordyntyson,2026-08-13,89.0
ppr,joshallen,2026-08-13,27.4
ppr,joshdowns,2026-08-13,90.1
ppr,joshjacobs,2026-08-13,25.6
ppr,justicehill,2026-08-13,166.4
ppr,justinherbert,2026-08-13,103.8
ppr,justinjefferson,2026-08-13,14.4
ppr,juwanjohnson,2026-08-13,159.9
ppr,kaelonblack,2026-08-13,156.5
ppr,kaimifairbairn,2026-08-13,139.6
ppr,kayshonboutte,2026-08-13,172.2
ppr,kcconcepcion,2026-08-13,130.4
ppr,keatonmitchell,2026-08-13,159.7
ppr,kennethwalker,2026-08-13,25.9
ppr,kennygainwell,2026-08-13,87.4
ppr,kenyonsadiq,2026-08-13,160.6
ppr,khalilshakir,2026-08-13,101.4
ppr,kimanividal,2026-08-13,165.2
ppr,kylemonangai,2026-08-13,102.8
ppr,kylepitts,2026-08-13,77.7
ppr,kylermurray,2026-08-13,145.7
ppr,kyrenwilliams,2026-08-13,33.1
ppr,laddmcconkey,2026-08-13,43.7
ppr,lamarjackson,2026-08-13,53.2
ppr,lutherburden,2026-08-13,54.5
ppr,makailemon,2026-08-13,108.9
ppr,maliknabers,2026-08-13,31.1
ppr,malikwashington,2026-08-13,156.9
ppr,malikwillis,2026-08-13,160.6
ppr,markandrews,2026-08-13,144.6
ppr,marshawnlloyd,2026-08-13,142.4
ppr,marvinharrison,2026-08-13,63.8
ppr,matthewgolden,2026-08-13,121.7
ppr,matthewstafford,2026-08-13,83.7
ppr,michaelpittman,2026-08-13,72.6
ppr,michaelwilson,2026-08-13,86.9
ppr,mikeevans,2026-08-13,58.3
ppr,mikewashington,2026-08-13,148.4
ppr,nickfolk,2026-08-13,156.5
ppr,nicocollins,2026-08-13,23.6
ppr,omarcooper,2026-08-13,164.9
ppr,omarionhampton,2026-08-13,19.7
ppr,orondegadsden,2026-08-13,165.7
ppr,parkerwashington,2026-08-13,71.0
ppr,patrickmahomes,2026-08-13,98.2
ppr,pukanacua,2026-08-13,3.0
ppr,quentinjohnston,2026-08-13,95.0
ppr,quinshonjudkins,2026-08-13,50.2
ppr,rachaadwhite,2026-08-13,100.9
ppr,rasheerice,2026-08-13,12.4
ppr,rashidshaheed,2026-08-13,123.4
ppr,rashodbateman,2026-08-13,154.5
ppr,raydavis,2026-08-13,160.8
ppr,rhamondrestevenson,2026-08-13,71.9
ppr,rickypearsall,2026-08-13,112.6
ppr,ricodowdle,2026-08-13,66.7
ppr,rjharvey,2026-08-13,82.9
ppr,romeodoubs,2026-08-13,115.5
ppr,romeodunze,2026-08-13,49.3
ppr,ryanflournoy,2026-08-13,176.4
ppr,samajeperine,2026-08-13,168.7
ppr,samdarnold,2026-08-13,142.2
ppr,samlaporta,2026-08-13,88.4
ppr,saquonbarkley,2026-08-13,19.4
ppr,stefondiggs,2026-08-13,91.1
ppr,tankbigsby,2026-08-13,156.7
ppr,tankdell,2026-08-13,146.6
ppr,teehiggins,2026-08-13,38.1
ppr,terrymclaurin,2026-08-13,43.6
ppr,tetairoamcmillan,2026-08-13,34.1
ppr,theowease,2026-08-13,138.5
ppr,tjhockenson,2026-08-13,155.6
ppr,tonypollard,2026-08-13,66.3
ppr,travisetienne,2026-08-13,39.3
ppr,travishunter,2026-08-13,164.0
ppr,traviskelce,2026-08-13,108.3
ppr,treharris,2026-08-13,169.3
ppr,tretucker,2026-08-13,133.6
ppr,treveyonhenderson,2026-08-13,56.3
ppr,trevorlawrence,2026-08-13,89.7
ppr,treymcbride,2026-08-13,34.6
ppr,treysmack,2026-08-13,150.8
ppr,tuckerkraft,2026-08-13,106.7
ppr,tyjaespears,2026-08-13,129.3
ppr,tyjohnson,2026-08-13,163.4
ppr,tylerallgeier,2026-08-13,165.5
ppr,tylerbass,2026-08-13,158.4
ppr,tylerloop,2026-08-13,161.7
ppr,tylershough,2026-08-13,137.6
ppr,tylerwarren,2026-08-13,65.1
ppr,tyronetracy,2026-08-13,155.3
ppr,wandalerobinson,2026-08-13,73.4
ppr,willreichard,2026-08-13,159.6
ppr,willutz,2026-08-13,163.0
ppr,woodymarks,2026-08-13,149.4
ppr,xavierworthy,2026-08-13,106.5
ppr,zachariahbranch,2026-08-13,173.7
ppr,zachcharbonnet,2026-08-13,139.1
ppr,zayflowers,2026-08-13,26.1
standard,ATL,2026-08-13,169.5
standard,BAL,2026-08-13,163.8
standard,BUF,2026-08-13,164.1
standard,DEN,2026-08-13,89.7
standard,DET,2026-08-13,118.8
standard,HOU,2026-08-13,109.4
standard,JAX,2026-08-13,162.5
standard,KC,2026-08-13,142.4
standard,LA,2026-08-13,137.2
standard,LAC,2026-08-13,146.3
standard,MIN,2026-08-13,120.1
standard,NE,2026-08-13,136.9
standard,NO,2026-08-13,167.0
standard,PHI,2026-08-13,138.0
standard,PIT,2026-08-13,148.3
standard,SEA,2026-08-13,95.9
standard,TEN,2026-08-13,161.1
standard,aaronjones,2026-08-13,99.7
standard,adonaimitchell,2026-08-13,158.1
standard,ajbrown,2026-08-13,19.1
standard,alecpierce,2026-08-13,44.8
standard,alvinkamara,2026-08-13,148.4
standard,amonrastbrown,2026-08-13,8.6
standard,antoniowilliams,2026-08-13,150.2
standard,ashtonjeanty,2026-08-13,16.3
standard,bakermayfield,2026-08-13,135.9
standard,bhayshultuten,2026-08-13,50.8
standard,bijanrobinson,2026-08-13,2.3
standard,blakecorum,2026-08-13,109.0
standard,bonix,2026-08-13,120.0
standard,brandonaubrey,2026-08-13,131.2
standard,breecehall,2026-08-13,26.8
standard,brentonstrange,2026-08-13,165.8
standard,brianrobinson,2026-08-13,156.1
standard,brianthomas,2026-08-13,67.5
standard,brockbowers,2026-08-13,53.8
standard,brockpurdy,2026-08-13,76.2
standard,buckyirving,2026-08-13,45.9
standard,cairosantos,2026-08-13,162.2
standard,calebwilliams,2026-08-13,104.2
standard,calvinridley,2026-08-13,112.4
standard,camerondicker,2026-08-13,147.1
standard,camlittle,2026-08-13,156.8
standard,camskattebo,2026-08-13,34.8
standard,carnelltate,2026-08-13,72.6
standard,ceedeelamb,2026-08-13,14.2
standard,chasebrown,2026-08-13,18.9
standard,chasemclaughlin,2026-08-13,164.4
standard,chrisboswell,2026-08-13,169.0
standard,chrisgodwin,2026-08-13,87.0
standard,chrisolave,2026-08-13,26.3
standard,chrisrodriguez,2026-08-13,139.4
standard,christianmccaffrey,2026-08-13,6.6
standard,christianwatson,2026-08-13,58.1
standard,chubahubbard,2026-08-13,81.1
standard,cjstroud,2026-08-13,165.2
standard,colstonloveland,2026-08-13,73.2
standard,cooperkupp,2026-08-13,156.5
standard,courtlandsutton,2026-08-13,51.8
standard,dakprescott,2026-08-13,62.2
standard,dallasgoedert,2026-08-13,108.7
standard,daltonkincaid,2026-08-13,144.9
standard,dandreswift,2026-08-13,42.6
standard,danieljones,2026-08-13,145.5
standard,darnellmooney,2026-08-13,164.2
standard,davanteadams,2026-08-13,34.7
standard,davidmontgomery,2026-08-13,60.0
standard,deebosamuel,2026-08-13,89.0
standard,denzelboston,2026-08-13,149.7
standard,derrickhenry,2026-08-13,6.7
standard,devonachane,2026-08-13,12.7
standard,devontasmith,2026-08-13,38.8
standard,dezhaunstribling,2026-08-13,154.8
standard,djmoore,2026-08-13,49.0
standard,dkmetcalf,2026-08-13,62.4
standard,drakelondon,2026-08-13,11.2
standard,drakemaye,2026-08-13,45.6
standard,eddypineiro,2026-08-13,165.6
standard,emekaegbuka,2026-08-13,30.7
standard,evanmcpherson,2026-08-13,171.8
standard,garrettwilson,2026-08-13,41.3
standard,georgekittle,2026-08-13,122.0
standard,georgepickens,2026-08-13,17.1
standard,germiebernard,2026-08-13,158.6
standard,haroldfannin,2026-08-13,106.5
standard,harrisonbutker,2026-08-13,163.7
standard,harrisonmevis,2026-08-13,130.8
standard,hunterhenry,2026-08-13,151.9
standard,isaiahlikely,2026-08-13,135.2
standard,isiahpacheco,2026-08-13,150.0
standard,jacorycroskeymerritt,2026-08-13,94.3
standard,jadarianprice,2026-08-13,59.7
standard,jahmyrgibbs,2026-08-13,1.6
standard,jakebates,2026-08-13,151.3
standard,jakeferguson,2026-08-13,159.6
standard,jakobilane,2026-08-13,159.9
standard,jakobimeyers,2026-08-13,81.8
standard,jalencoker,2026-08-13,121.6
standard,jalenhurts,2026-08-13,69.4
standard,jalenmcmillan,2026-08-13,140.1
standard,jalennailor,2026-08-13,144.8
standard,jamarrchase,2026-08-13,5.0
standard,jamescook,2026-08-13,9.5
standard,jamesonwilliams,2026-08-13,39.6
standard,jaredgoff,2026-08-13,108.1
standard,jasonmyers,2026-08-13,136.2
standard,jauanjennings,2026-08-13,145.9
standard,javontewilliams,2026-08-13,30.5
standard,jaxonsmithnjigba,2026-08-13,5.7
standard,jaxsondart,2026-08-13,101.6
standard,jaydendaniels,2026-08-13,68.5
standard,jaydenhiggins,2026-08-13,126.7
standard,jaydenreed,2026-08-13,87.2
standard,jaylenwaddle,2026-08-13,53.4
standard,jaylenwarren,2026-08-13,76.2
standard,jeremiyahlove,2026-08-13,31.1
standard,jerryjeudy,2026-08-13,131.1
standard,jkdobbins,2026-08-13,77.1
standard,joeburrow,2026-08-13,54.0
standard,johnmetchie,2026-08-13,132.9
standard,jonathantaylor,2026-08-13,4.2
standard,jonathonbrooks,2026-08-13,119.3
standard,jordanaddison,2026-08-13,80.5
standard,jordanlove,2026-08-13,155.7
standard,jordanmason,2026-08-13,112.7
standard,jordyntyson,2026-08-13,83.9
standard,joshallen,2026-08-13,17.9
standard,joshdowns,2026-08-13,107.5
standard,joshjacobs,2026-08-13,16.3
standard,justinherbert,2026-08-13,101.2
standard,justinjefferson,2026-08-13,18.8
standard,juwanjohnson,2026-08-13,155.0
standard,kaimifairbairn,2026-08-13,138.6
standard,kayshonboutte,2026-08-13,153.3
standard,kcconcepcion,2026-08-13,126.0
standard,keatonmitchell,2026-08-13,155.9
standard,kennethwalker,2026-08-13,28.1
standard,kennygainwell,2026-08-13,123.6
standard,kenyonsadiq,2026-08-13,159.4
standard,khalilshakir,2026-08-13,114.2
standard,kylemonangai,2026-08-13,96.3
standard,kylepitts,2026-08-13,102.0
standard,kylermurray,2026-08-13,153.8
standard,kyrenwilliams,2026-08-13,25.4
standard,laddmcconkey,2026-08-13,47.7
standard,lamarjackson,2026-08-13,49.3
standard,lutherburden,2026-08-13,56.2
standard,makailemon,2026-08-13,93.1
standard,maliknabers,2026-08-13,31.5
standard,malikwashington,2026-08-13,149.9
standard,malikwillis,2026-08-13,159.2
standard,markandrews,2026-08-13,128.8
standard,marvinharrison,2026-08-13,62.8
standard,matthewgolden,2026-08-13,106.6
standard,matthewstafford,2026-08-13,76.8
standard,michaelpittman,2026-08-13,94.5
standard,michaelwilson,2026-08-13,84.3
standard,mikeevans,2026-08-13,57.0
standard,nickfolk,2026-08-13,152.0
standard,nicocollins,2026-08-13,22.3
standard,omarcooper,2026-08-13,169.2
standard,omarionhampton,2026-08-13,21.8
standard,parkerwashington,2026-08-13,65.7
standard,patrickmahomes,2026-08-13,96.1
standard,pukanacua,2026-08-13,2.7
standard,quentinjohnston,2026-08-13,73.1
standard,quinshonjudkins,2026-08-13,47.9
standard,rachaadwhite,2026-08-13,114.5
standard,rasheerice,2026-08-13,14.9
standard,rashidshaheed,2026-08-13,98.2
standard,rashodbateman,2026-08-13,126.5
standard,rhamondrestevenson,2026-08-13,69.1
standard,rickypearsall,2026-08-13,102.9
standard,ricodowdle,2026-08-13,68.0
standard,rjharvey,2026-08-13,95.9
standard,romeodoubs,2026-08-13,102.8
standard,romeodunze,2026-08-13,40.2
standard,samdarnold,2026-08-13,155.7
standard,samlaporta,2026-08-13,105.6
standard,saquonbarkley,2026-08-13,14.6
standard,stefondiggs,2026-08-13,98.0
standard,tankbigsby,2026-08-13,149.5
standard,tankdell,2026-08-13,142.2
standard,teehiggins,2026-08-13,33.9
standard,terrymclaurin,2026-08-13,44.4
standard,tetairoamcmillan,2026-08-13,37.0
standard,theowease,2026-08-13,127.6
standard,tonypollard,2026-08-13,65.6
standard,travisetienne,2026-08-13,40.8
standard,travishunter,2026-08-13,162.1
standard,traviskelce,2026-08-13,134.4
standard,treharris,2026-08-13,168.0
standard,tretucker,2026-08-13,125.6
standard,treveyonhenderson,2026-08-13,55.5
standard,trevorlawrence,2026-08-13,88.8
standard,treymcbride,2026-08-13,56.1
standard,tuckerkraft,2026-08-13,89.0
standard,tyjaespears,2026-08-13,158.6
standard,tylerallgeier,2026-08-13,146.5
standard,tylerloop,2026-08-13,165.6
standard,tylershough,2026-08-13,144.3
standard,tylerwarren,2026-08-13,81.2
standard,tyronetracy,2026-08-13,152.8
standard,wandalerobinson,2026-08-13,101.6
standard,willreichard,2026-08-13,173.1
standard,willutz,2026-08-13,173.1
standard,woodymarks,2026-08-13,144.3
standard,xavierworthy,2026-08-13,87.2
standard,zachcharbonnet,2026-08-13,135.9
standard,zayflowers,2026-08-13,24.5
half-ppr,ATL,2026-08-14,167.6
half-ppr,BAL,2026-08-14,163.6
half-ppr,BUF,2026-08-14,160.9
half-ppr,CLE,2026-08-14,179.9
half-ppr,DEN,2026-08-14,90.1
half-ppr,DET,2026-08-14,125.9
half-ppr,HOU,2026-08-14,106.2
half-ppr,JAX,2026-08-14,150.7
half-ppr,LA,2026-08-14,126.5
half-ppr,LAC,2026-08-14,143.4
half-ppr,MIA,2026-08-14,190.4
half-ppr,MIN,2026-08-14,119.1
half-ppr,NE,2026-08-14,129.3
half-ppr,NO,2026-08-14,174.9
half-ppr,NYG,2026-08-14,182.0
half-ppr,PHI,2026-08-14,136.0
half-ppr,PIT,2026-08-14,148.6
half-ppr,SEA,2026-08-14,97.3
half-ppr,TEN,2026-08-14,166.5
half-ppr,aaronjones,2026-08-14,96.9
half-ppr,adonaimitchell,2026-08-14,159.9
half-ppr,ajbrown,2026-08-14,19.0
half-ppr,alecpierce,2026-08-14,52.8
half-ppr,alvinkamara,2026-08-14,145.5
half-ppr,amonrastbrown,2026-08-14,7.6
half-ppr,andyborregales,2026-08-14,177.2
half-ppr,antoniowilliams,2026-08-14,159.6
half-ppr,ashtonjeanty,2026-08-14,15.1
half-ppr,bakermayfield,2026-08-14,133.4
half-ppr,bhayshultuten,2026-08-14,52.3
half-ppr,bijanrobinson,2026-08-14,2.1
half-ppr,blakecorum,2026-08-14,120.8
half-ppr,bonix,2026-08-14,118.5
half-ppr,brandonaubrey,2026-08-14,130.0
half-ppr,breecehall,2026-08-14,28.0
half-ppr,brentonstrange,2026-08-14,160.9
half-ppr,brianrobinson,2026-08-14,157.5
half-ppr,brianthomas,2026-08-14,69.7
half-ppr,brockbowers,2026-08-14,44.0
half-ppr,brockpurdy,2026-08-14,81.3
half-ppr,buckyirving,2026-08-14,45.9
half-ppr,cairosantos,2026-08-14,157.4
half-ppr,calebwilliams,2026-08-14,100.8
half-ppr,calvinridley,2026-08-14,131.7
half-ppr,camerondicker,2026-08-14,144.5
half-ppr,camlittle,2026-08-14,161.8
half-ppr,camskattebo,2026-08-14,34.6
half-ppr,camward,2026-08-14,180.7
half-ppr,carnelltate,2026-08-14,74.8
half-ppr,ceedeelamb,2026-08-14,12.6
half-ppr,chasebrown,2026-08-14,15.7
half-ppr,chasemclaughlin,2026-08-14,158.4
half-ppr,chigokonkwo,2026-08-14,168.2
half-ppr,chrisboswell,2026-08-14,168.6
half-ppr,chrisgodwin,2026-08-14,87.0
half-ppr,chrisolave,2026-08-14,23.6
half-ppr,chrisrodriguez,2026-08-14,157.9
half-ppr,christianmccaffrey,2026-08-14,6.7
half-ppr,christianwatson,2026-08-14,61.6
half-ppr,chubahubbard,2026-08-14,75.9
half-ppr,cjstroud,2026-08-14,168.7
half-ppr,colstonloveland,2026-08-14,63.9
half-ppr,cooperkupp,2026-08-14,154.6
half-ppr,courtlandsutton,2026-08-14,58.3
half-ppr,dakprescott,2026-08-14,67.1
half-ppr,dallasgoedert,2026-08-14,111.9
half-ppr,daltonkincaid,2026-08-14,141.8
half-ppr,dandreswift,2026-08-14,43.4
half-ppr,danieljones,2026-08-14,161.8
half-ppr,davanteadams,2026-08-14,38.8
half-ppr,davidmontgomery,2026-08-14,61.1
half-ppr,deebosamuel,2026-08-14,94.1
half-ppr,denzelboston,2026-08-14,147.2
half-ppr,derrickhenry,2026-08-14,10.1
half-ppr,devonachane,2026-08-14,11.2
half-ppr,devontasmith,2026-08-14,31.2
half-ppr,dezhaunstribling,2026-08-14,147.1
half-ppr,djmoore,2026-08-14,48.8
half-ppr,dkmetcalf,2026-08-14,62.9
half-ppr,drakelondon,2026-08-14,10.0
half-ppr,drakemaye,2026-08-14,46.1
half-ppr,dylansampson,2026-08-14,172.1
half-ppr,eddypineiro,2026-08-14,158.5
half-ppr,emekaegbuka,2026-08-14,33.1
half-ppr,evanmcpherson,2026-08-14,167.9
half-ppr,garrettwilson,2026-08-14,31.0
half-ppr,georgekittle,2026-08-14,118.8
half-ppr,georgepickens,2026-08-14,19.4
half-ppr,haroldfannin,2026-08-14,83.9
half-ppr,harrisonbutker,2026-08-14,164.3
half-ppr,harrisonmevis,2026-08-14,132.0
half-ppr,hunterhenry,2026-08-14,151.5
half-ppr,isaacteslaa,2026-08-14,163.0
half-ppr,isaiahlikely,2026-08-14,136.5
half-ppr,isiahpacheco,2026-08-14,144.1
half-ppr,jacorycroskeymerritt,2026-08-14,108.0
half-ppr,jadarianprice,2026-08-14,72.0
half-ppr,jahmyrgibbs,2026-08-14,1.5
half-ppr,jakebates,2026-08-14,146.4
half-ppr,jakeferguson,2026-08-14,146.6
half-ppr,jakobilane,2026-08-14,162.7
half-ppr,jakobimeyers,2026-08-14,81.4
half-ppr,jalencoker,2026-08-14,120.9
half-ppr,jalenhurts,2026-08-14,75.7
half-ppr,jalenmcmillan,2026-08-14,136.5
half-ppr,jalennailor,2026-08-14,142.3
half-ppr,jamarrchase,2026-08-14,4.1
half-ppr,jamesconner,2026-08-14,152.7
half-ppr,jamescook,2026-08-14,11.2
half-ppr,jamesonwilliams,2026-08-14,40.4
half-ppr,jaredgoff,2026-08-14,108.3
half-ppr,jasonmyers,2026-08-14,134.0
half-ppr,jauanjennings,2026-08-14,145.4
half-ppr,javontewilliams,2026-08-14,36.2
half-ppr,jaxonsmithnjigba,2026-08-14,5.3
half-ppr,jaxsondart,2026-08-14,104.9
half-ppr,jaydendaniels,2026-08-14,71.9
half-ppr,jaydenhiggins,2026-08-14,128.6
half-ppr,jaydenreed,2026-08-14,90.4
half-ppr,jaylenwaddle,2026-08-14,49.6
half-ppr,jaylenwarren,2026-08-14,74.8
half-ppr,jeremiyahlove,2026-08-14,30.0
half-ppr,jerryjeudy,2026-08-14,134.8
half-ppr,jkdobbins,2026-08-14,87.8
half-ppr,joeburrow,2026-08-14,57.1
half-ppr,johnmetchie,2026-08-14,122.8
half-ppr,jonahcoleman,2026-08-14,150.4
half-ppr,jonathantaylor,2026-08-14,5.8
half-ppr,jonathonbrooks,2026-08-14,111.3
half-ppr,jordanaddison,2026-08-14,91.1
half-ppr,jordanjames,2026-08-14,163.9
half-ppr,jordanlove,2026-08-14,148.9
half-ppr,jordanmason,2026-08-14,116.4
half-ppr,jordyntyson,2026-08-14,87.5
half-ppr,joshallen,2026-08-14,26.6
half-ppr,joshdowns,2026-08-14,94.2
half-ppr,joshjacobs,2026-08-14,24.0
half-ppr,justinherbert,2026-08-14,104.7
half-ppr,justinjefferson,2026-08-14,14.9
half-ppr,juwanjohnson,2026-08-14,162.3
half-ppr,kaelonblack,2026-08-14,166.1
half-ppr,kaimifairbairn,2026-08-14,130.3
half-ppr,kayshonboutte,2026-08-14,167.8
half-ppr,kcconcepcion,2026-08-14,126.7
half-ppr,keatonmitchell,2026-08-14,146.4
half-ppr,kennethwalker,2026-08-14,25.7
half-ppr,kennygainwell,2026-08-14,99.0
half-ppr,kenyonsadiq,2026-08-14,166.8
half-ppr,khalilshakir,2026-08-14,103.7
half-ppr,kimanividal,2026-08-14,151.0
half-ppr,kylemonangai,2026-08-14,105.1
half-ppr,kylepitts,2026-08-14,81.8
half-ppr,kylermurray,2026-08-14,144.5
half-ppr,kyrenwilliams,2026-08-14,29.8
half-ppr,laddmcconkey,2026-08-14,44.2
half-ppr,lamarjackson,2026-08-14,52.6
half-ppr,lutherburden,2026-08-14,57.3
half-ppr,makailemon,2026-08-14,103.0
half-ppr,maliknabers,2026-08-14,29.4
half-ppr,malikwashington,2026-08-14,151.9
half-ppr,malikwillis,2026-08-14,161.0
half-ppr,markandrews,2026-08-14,137.4
half-ppr,marvinharrison,2026-08-14,62.6
half-ppr,matthewgolden,2026-08-14,115.3
half-ppr,matthewstafford,2026-08-14,75.9
half-ppr,michaelpittman,2026-08-14,81.2
half-ppr,michaelwilson,2026-08-14,82.5
half-ppr,mikeevans,2026-08-14,55.7
half-ppr,mikewashington,2026-08-14,165.9
half-ppr,nickfolk,2026-08-14,156.2
half-ppr,nicocollins,2026-08-14,22.9
half-ppr,omarcooper,2026-08-14,163.7
half-ppr,omarionhampton,2026-08-14,21.8
half-ppr,parkerwashington,2026-08-14,67.1
half-ppr,patbryant,2026-08-14,167.3
half-ppr,patrickmahomes,2026-08-14,99.5
half-ppr,pukanacua,2026-08-14,2.9
half-ppr,quentinjohnston,2026-08-14,82.2
half-ppr,quinshonjudkins,2026-08-14,50.0
half-ppr,rachaadwhite,2026-08-14,107.1
half-ppr,rasheerice,2026-08-14,13.4
half-ppr,rashidshaheed,2026-08-14,117.6
half-ppr,rashodbateman,2026-08-14,134.3
half-ppr,rhamondrestevenson,2026-08-14,71.0
half-ppr,rickypearsall,2026-08-14,112.0
half-ppr,ricodowdle,2026-08-14,70.7
half-ppr,rjharvey,2026-08-14,88.1
half-ppr,romeodoubs,2026-08-14,109.0
half-ppr,romeodunze,2026-08-14,44.8
half-ppr,ryanflournoy,2026-08-14,160.3
half-ppr,samdarnold,2026-08-14,142.8
half-ppr,samlaporta,2026-08-14,92.3
half-ppr,saquonbarkley,2026-08-14,18.2
half-ppr,stefondiggs,2026-08-14,94.9
half-ppr,tankbigsby,2026-08-14,162.1
half-ppr,tankdell,2026-08-14,148.3
half-ppr,teehiggins,2026-08-14,36.9
half-ppr,terrymclaurin,2026-08-14,43.3
half-ppr,tetairoamcmillan,2026-08-14,35.9
half-ppr,theowease,2026-08-14,132.8
half-ppr,tjhockenson,2026-08-14,159.7
half-ppr,tonypollard,2026-08-14,66.9
half-ppr,travisetienne,2026-08-14,41.5
half-ppr,travishunter,2026-08-14,158.0
half-ppr,traviskelce,2026-08-14,126.7
half-ppr,tretucker,2026-08-14,136.0
half-ppr,treveyonhenderson,2026-08-14,58.0
half-ppr,trevorlawrence,2026-08-14,90.2
half-ppr,treymcbride,2026-08-14,42.9
half-ppr,tuckerkraft,2026-08-14,99.8
half-ppr,tyjaespears,2026-08-14,146.1
half-ppr,tylerallgeier,2026-08-14,157.9
half-ppr,tylerloop,2026-08-14,154.2
half-ppr,tylershough,2026-08-14,136.0
half-ppr,tylerwarren,2026-08-14,70.6
half-ppr,tyronetracy,2026-08-14,155.5
half-ppr,wandalerobinson,2026-08-14,84.1
half-ppr,willreichard,2026-08-14,153.2
half-ppr,willutz,2026-08-14,168.9
half-ppr,woodymarks,2026-08-14,144.9
half-ppr,xavierworthy,2026-08-14,101.0
half-ppr,zachcharbonnet,2026-08-14,134.8
half-ppr,zayflowers,2026-08-14,25.0
ppr,ATL,2026-08-14,164.0
ppr,BAL,2026-08-14,162.2
ppr,BUF,2026-08-14,162.4
ppr,CHI,2026-08-14,168.4
ppr,CIN,2026-08-14,177.1
ppr,CLE,2026-08-14,169.9
ppr,DAL,2026-08-14,165.9
ppr,DEN,2026-08-14,93.6
ppr,DET,2026-08-14,128.3
ppr,GB,2026-08-14,155.8
ppr,HOU,2026-08-14,105.0
ppr,JAX,2026-08-14,154.4
ppr,LA,2026-08-14,128.4
ppr,LAC,2026-08-14,144.7
ppr,MIA,2026-08-14,179.7
ppr,MIN,2026-08-14,117.7
ppr,NE,2026-08-14,132.0
ppr,NO,2026-08-14,171.5
ppr,NYG,2026-08-14,168.2
ppr,NYJ,2026-08-14,152.4
ppr,PHI,2026-08-14,133.2
ppr,PIT,2026-08-14,149.1
ppr,SEA,2026-08-14,98.3
ppr,SF,2026-08-14,159.6
ppr,TEN,2026-08-14,159.0
ppr,WAS,2026-08-14,180.2
ppr,aaronjones,2026-08-14,94.1
ppr,aaronrodgers,2026-08-14,174.2
ppr,adonaimitchell,2026-08-14,162.5
ppr,ajbarner,2026-08-14,163.2
ppr,ajbrown,2026-08-14,17.4
ppr,ajdillon,2026-08-14,165.0
ppr,alecpierce,2026-08-14,57.0
ppr,alvinkamara,2026-08-14,138.6
ppr,amonrastbrown,2026-08-14,6.8
ppr,andyborregales,2026-08-14,151.8
ppr,antoniowilliams,2026-08-14,161.6
ppr,ashtonjeanty,2026-08-14,14.2
ppr,bakermayfield,2026-08-14,129.0
ppr,bhayshultuten,2026-08-14,53.5
ppr,bijanrobinson,2026-08-14,1.7
ppr,blakecorum,2026-08-14,122.6
ppr,blakegrupe,2026-08-14,170.9
ppr,bonix,2026-08-14,120.4
ppr,braelonallen,2026-08-14,154.2
ppr,brandonaubrey,2026-08-14,131.0
ppr,breecehall,2026-08-14,27.6
ppr,brentonstrange,2026-08-14,164.5
ppr,brianrobinson,2026-08-14,170.1
ppr,brianthomas,2026-08-14,77.0
ppr,brockbowers,2026-08-14,40.3
ppr,brockpurdy,2026-08-14,80.8
ppr,bryceyoung,2026-08-14,173.2
ppr,buckyirving,2026-08-14,44.0
ppr,cadeotton,2026-08-14,153.3
ppr,cairosantos,2026-08-14,158.2
ppr,calebwilliams,2026-08-14,103.1
ppr,calvinridley,2026-08-14,134.8
ppr,camerondicker,2026-08-14,143.6
ppr,camlittle,2026-08-14,159.2
ppr,camskattebo,2026-08-14,32.2
ppr,camward,2026-08-14,173.8
ppr,carnelltate,2026-08-14,76.2
ppr,ceedeelamb,2026-08-14,11.1
ppr,chasebrown,2026-08-14,12.8
ppr,chasemclaughlin,2026-08-14,157.1
ppr,chigokonkwo,2026-08-14,163.5
ppr,chrisboswell,2026-08-14,157.8
ppr,chrisgodwin,2026-08-14,89.6
ppr,chrisolave,2026-08-14,21.2
ppr,chrisrodriguez,2026-08-14,163.0
ppr,christiankirk,2026-08-14,186.9
ppr,christianmccaffrey,2026-08-14,6.2
ppr,christianwatson,2026-08-14,68.6
ppr,chubahubbard,2026-08-14,75.5
ppr,cjstroud,2026-08-14,161.6
ppr,colstonloveland,2026-08-14,59.4
ppr,cooperkupp,2026-08-14,159.5
ppr,courtlandsutton,2026-08-14,59.9
ppr,cyrusallen,2026-08-14,157.6
ppr,dakprescott,2026-08-14,65.4
ppr,dallasgoedert,2026-08-14,111.2
ppr,daltonkincaid,2026-08-14,152.3
ppr,daltonschultz,2026-08-14,157.6
ppr,dandreswift,2026-08-14,44.8
ppr,danieljones,2026-08-14,148.9
ppr,dariusslayton,2026-08-14,176.2
ppr,darnellmooney,2026-08-14,185.9
ppr,davanteadams,2026-08-14,41.3
ppr,davidmontgomery,2026-08-14,65.3
ppr,deebosamuel,2026-08-14,102.8
ppr,denzelboston,2026-08-14,152.7
ppr,derrickhenry,2026-08-14,16.4
ppr,devonachane,2026-08-14,10.3
ppr,devontasmith,2026-08-14,29.0
ppr,dezhaunstribling,2026-08-14,155.8
ppr,djmoore,2026-08-14,52.5
ppr,dkmetcalf,2026-08-14,65.3
ppr,dontayvionwicks,2026-08-14,176.8
ppr,drakelondon,2026-08-14,10.2
ppr,drakemaye,2026-08-14,49.9
ppr,dylansampson,2026-08-14,162.0
ppr,eddypineiro,2026-08-14,159.3
ppr,emaridemercado,2026-08-14,167.2
ppr,emekaegbuka,2026-08-14,35.0
ppr,evanmcpherson,2026-08-14,166.4
ppr,fernandomendoza,2026-08-14,166.8
ppr,garrettwilson,2026-08-14,28.5
ppr,georgekittle,2026-08-14,112.2
ppr,georgepickens,2026-08-14,20.5
ppr,germiebernard,2026-08-14,170.0
ppr,gregdulcich,2026-08-14,170.5
ppr,haroldfannin,2026-08-14,81.4
ppr,harrisonbutker,2026-08-14,161.1
ppr,harrisonmevis,2026-08-14,150.2
ppr,hunterhenry,2026-08-14,158.0
ppr,isaacteslaa,2026-08-14,179.8
ppr,isaiahlikely,2026-08-14,132.4
ppr,isiahpacheco,2026-08-14,150.3
ppr,jacobybrissett,2026-08-14,168.5
ppr,jacorycroskeymerritt,2026-08-14,111.4
ppr,jadarianprice,2026-08-14,72.0
ppr,jahmyrgibbs,2026-08-14,1.8
ppr,jakebates,2026-08-14,149.6
ppr,jakeferguson,2026-08-14,138.0
ppr,jakobilane,2026-08-14,160.8
ppr,jakobimeyers,2026-08-14,79.0
ppr,jalencoker,2026-08-14,125.3
ppr,jalenhurts,2026-08-14,75.7
ppr,jalenmcmillan,2026-08-14,151.4
ppr,jalennailor,2026-08-14,156.9
ppr,jalentolbert,2026-08-14,171.4
ppr,jamarrchase,2026-08-14,3.9
ppr,jamesconner,2026-08-14,183.0
ppr,jamescook,2026-08-14,14.0
ppr,jamesonwilliams,2026-08-14,45.1
ppr,jaredgoff,2026-08-14,107.6
ppr,jasonmyers,2026-08-14,136.7
ppr,jauanjennings,2026-08-14,146.5
ppr,javontewilliams,2026-08-14,36.6
ppr,jaxonsmithnjigba,2026-08-14,5.5
ppr,jaxsondart,2026-08-14,102.6
ppr,jaydendaniels,2026-08-14,68.6
ppr,jaydenhiggins,2026-08-14,133.3
ppr,jaydenreed,2026-08-14,96.8
ppr,jaydonblue,2026-08-14,145.6
ppr,jaylenwaddle,2026-08-14,47.3
ppr,jaylenwarren,2026-08-14,67.8
ppr,jeremiyahlove,2026-08-14,27.4
ppr,jerryjeudy,2026-08-14,135.4
ppr,jkdobbins,2026-08-14,94.4
ppr,joeburrow,2026-08-14,56.5
ppr,johnmetchie,2026-08-14,121.4
ppr,jonahcoleman,2026-08-14,148.4
ppr,jonathantaylor,2026-08-14,7.4
ppr,jonathonbrooks,2026-08-14,109.2
ppr,jordanaddison,2026-08-14,102.4
ppr,jordanjames,2026-08-14,164.0
ppr,jordanlove,2026-08-14,147.2
ppr,jordanmason,2026-08-14,123.1
ppr,jordyntyson,2026-08-14,90.5
ppr,joshallen,2026-08-14,28.2
ppr,joshdowns,2026-08-14,88.5
ppr,joshjacobs,2026-08-14,26.8
ppr,justicehill,2026-08-14,166.3
ppr,justinherbert,2026-08-14,104.0
ppr,justinjefferson,2026-08-14,14.1
ppr,juwanjohnson,2026-08-14,160.1
ppr,kaelonblack,2026-08-14,158.8
ppr,kaimifairbairn,2026-08-14,140.0
ppr,kayshonboutte,2026-08-14,172.9
ppr,kcconcepcion,2026-08-14,130.0
ppr,keatonmitchell,2026-08-14,159.8
ppr,kennethwalker,2026-08-14,25.6
ppr,kennygainwell,2026-08-14,88.0
ppr,kenyonsadiq,2026-08-14,161.2
ppr,khalilshakir,2026-08-14,101.1
ppr,kimanividal,2026-08-14,158.4
ppr,kylemonangai,2026-08-14,105.4
ppr,kylepitts,2026-08-14,77.5
ppr,kylermurray,2026-08-14,144.6
ppr,kyrenwilliams,2026-08-14,33.2
ppr,laddmcconkey,2026-08-14,42.9
ppr,lamarjackson,2026-08-14,53.6
ppr,lutherburden,2026-08-14,55.7
ppr,makailemon,2026-08-14,109.4
ppr,maliknabers,2026-08-14,30.2
ppr,malikwashington,2026-08-14,156.2
ppr,malikwillis,2026-08-14,161.6
ppr,markandrews,2026-08-14,142.7
ppr,marshawnlloyd,2026-08-14,152.5
ppr,marvinharrison,2026-08-14,64.1
ppr,matthewgolden,2026-08-14,120.8
ppr,matthewstafford,2026-08-14,83.7
ppr,michaelpittman,2026-08-14,72.7
ppr,michaelwilson,2026-08-14,85.2
ppr,mikeevans,2026-08-14,57.4
ppr,mikewashington,2026-08-14,147.7
ppr,nickfolk,2026-08-14,154.1
ppr,nicocollins,2026-08-14,23.3
ppr,omarcooper,2026-08-14,164.9
ppr,omarionhampton,2026-08-14,19.8
ppr,orondegadsden,2026-08-14,165.7
ppr,parkerwashington,2026-08-14,69.7
ppr,patbryant,2026-08-14,144.2
ppr,patrickmahomes,2026-08-14,98.7
ppr,pukanacua,2026-08-14,3.0
ppr,quentinjohnston,2026-08-14,94.4
ppr,quinshonjudkins,2026-08-14,50.5
ppr,rachaadwhite,2026-08-14,102.5
ppr,rasheerice,2026-08-14,12.8
ppr,rashidshaheed,2026-08-14,125.1
ppr,rashodbateman,2026-08-14,153.9
ppr,raydavis,2026-08-14,161.2
ppr,rhamondrestevenson,2026-08-14,71.0
ppr,rickypearsall,2026-08-14,112.6
ppr,ricodowdle,2026-08-14,68.4
ppr,rjharvey,2026-08-14,83.3
ppr,romeodoubs,2026-08-14,114.5
ppr,romeodunze,2026-08-14,49.2
ppr,ryanflournoy,2026-08-14,170.6
ppr,samajeperine,2026-08-14,177.5
ppr,samdarnold,2026-08-14,142.1
ppr,samlaporta,2026-08-14,88.1
ppr,saquonbarkley,2026-08-14,19.7
ppr,stefondiggs,2026-08-14,91.3
ppr,tankbigsby,2026-08-14,159.5
ppr,tankdell,2026-08-14,148.2
ppr,teehiggins,2026-08-14,37.7
ppr,terrymclaurin,2026-08-14,44.1
ppr,tetairoamcmillan,2026-08-14,34.0
ppr,theowease,2026-08-14,139.4
ppr,tjhockenson,2026-08-14,160.2
ppr,tonypollard,2026-08-14,67.1
ppr,travisetienne,2026-08-14,40.2
ppr,travishunter,2026-08-14,165.7
ppr,traviskelce,2026-08-14,107.5
ppr,treharris,2026-08-14,162.5
ppr,tretucker,2026-08-14,134.2
ppr,treveyonhenderson,2026-08-14,57.2
ppr,trevorlawrence,2026-08-14,90.2
ppr,treymcbride,2026-08-14,34.0
ppr,treysmack,2026-08-14,146.9
ppr,tuckerkraft,2026-08-14,105.4
ppr,tyjaespears,2026-08-14,130.2
ppr,tyjohnson,2026-08-14,165.9
ppr,tylerallgeier,2026-08-14,167.1
ppr,tylerbass,2026-08-14,162.1
ppr,tylerloop,2026-08-14,161.0
ppr,tylershough,2026-08-14,137.4
ppr,tylerwarren,2026-08-14,65.1
ppr,tyronetracy,2026-08-14,154.0
ppr,wandalerobinson,2026-08-14,75.9
ppr,willreichard,2026-08-14,158.7
ppr,willutz,2026-08-14,163.2
ppr,woodymarks,2026-08-14,149.8
ppr,xavierworthy,2026-08-14,106.6
ppr,zachariahbranch,2026-08-14,172.9
ppr,zachcharbonnet,2026-08-14,139.9
ppr,zayflowers,2026-08-14,25.8
standard,ATL,2026-08-14,169.6
standard,BAL,2026-08-14,161.1
standard,BUF,2026-08-14,163.9
standard,CLE,2026-08-14,155.8
standard,DAL,2026-08-14,144.2
standard,DEN,2026-08-14,88.7
standard,DET,2026-08-14,119.4
standard,HOU,2026-08-14,108.0
standard,JAX,2026-08-14,161.5
standard,KC,2026-08-14,143.0
standard,LA,2026-08-14,133.4
standard,LAC,2026-08-14,143.0
standard,MIN,2026-08-14,120.1
standard,NE,2026-08-14,133.1
standard,NO,2026-08-14,167.0
standard,PHI,2026-08-14,136.3
standard,PIT,2026-08-14,145.8
standard,SEA,2026-08-14,95.0
standard,TEN,2026-08-14,161.1
standard,aaronjones,2026-08-14,100.7
standard,adonaimitchell,2026-08-14,158.2
standard,ajbrown,2026-08-14,19.0
standard,alecpierce,2026-08-14,45.4
standard,alvinkamara,2026-08-14,149.6
standard,amonrastbrown,2026-08-14,8.5
standard,antoniowilliams,2026-08-14,151.7
standard,ashtonjeanty,2026-08-14,16.3
standard,bakermayfield,2026-08-14,135.3
standard,bhayshultuten,2026-08-14,50.7
standard,bijanrobinson,2026-08-14,2.3
standard,blakecorum,2026-08-14,108.7
standard,bonix,2026-08-14,118.8
standard,brandonaubrey,2026-08-14,130.0
standard,breecehall,2026-08-14,26.9
standard,brentonstrange,2026-08-14,167.8
standard,brianrobinson,2026-08-14,157.6
standard,brianthomas,2026-08-14,67.8
standard,brockbowers,2026-08-14,53.7
standard,brockpurdy,2026-08-14,79.2
standard,buckyirving,2026-08-14,46.7
standard,cairosantos,2026-08-14,161.3
standard,calebwilliams,2026-08-14,102.1
standard,calvinridley,2026-08-14,116.9
standard,camerondicker,2026-08-14,146.5
standard,camlittle,2026-08-14,155.8
standard,camskattebo,2026-08-14,34.8
standard,carnelltate,2026-08-14,72.0
standard,ceedeelamb,2026-08-14,14.0
standard,chasebrown,2026-08-14,19.1
standard,chasemclaughlin,2026-08-14,163.9
standard,chrisboswell,2026-08-14,168.6
standard,chrisgodwin,2026-08-14,85.5
standard,chrisolave,2026-08-14,26.4
standard,chrisrodriguez,2026-08-14,137.6
standard,christianmccaffrey,2026-08-14,6.5
standard,christianwatson,2026-08-14,57.5
standard,chubahubbard,2026-08-14,80.4
standard,cjstroud,2026-08-14,162.4
standard,colstonloveland,2026-08-14,73.0
standard,cooperkupp,2026-08-14,156.6
standard,courtlandsutton,2026-08-14,53.2
standard,dakprescott,2026-08-14,63.3
standard,dallasgoedert,2026-08-14,112.0
standard,daltonkincaid,2026-08-14,142.5
standard,dandreswift,2026-08-14,42.9
standard,danieljones,2026-08-14,144.0
standard,darnellmooney,2026-08-14,161.6
standard,davanteadams,2026-08-14,34.9
standard,davidmontgomery,2026-08-14,60.1
standard,deebosamuel,2026-08-14,90.6
standard,denzelboston,2026-08-14,149.1
standard,derrickhenry,2026-08-14,6.8
standard,devonachane,2026-08-14,11.9
standard,devontasmith,2026-08-14,39.1
standard,dezhaunstribling,2026-08-14,153.2
standard,djmoore,2026-08-14,49.3
standard,dkmetcalf,2026-08-14,61.8
standard,drakelondon,2026-08-14,11.9
standard,drakemaye,2026-08-14,48.3
standard,eddypineiro,2026-08-14,166.1
standard,emekaegbuka,2026-08-14,31.6
standard,evanmcpherson,2026-08-14,172.0
standard,garrettwilson,2026-08-14,41.5
standard,georgekittle,2026-08-14,121.3
standard,georgepickens,2026-08-14,16.5
standard,germiebernard,2026-08-14,162.7
standard,haroldfannin,2026-08-14,108.6
standard,harrisonbutker,2026-08-14,164.7
standard,harrisonmevis,2026-08-14,134.0
standard,hunterhenry,2026-08-14,148.3
standard,isaiahlikely,2026-08-14,136.0
standard,isiahpacheco,2026-08-14,149.9
standard,jacorycroskeymerritt,2026-08-14,93.5
standard,jadarianprice,2026-08-14,63.2
standard,jahmyrgibbs,2026-08-14,1.5
standard,jakebates,2026-08-14,149.8
standard,jakeferguson,2026-08-14,155.2
standard,jakobilane,2026-08-14,159.5
standard,jakobimeyers,2026-08-14,82.3
standard,jalencoker,2026-08-14,122.2
standard,jalenhurts,2026-08-14,71.0
standard,jalenmcmillan,2026-08-14,140.1
standard,jalennailor,2026-08-14,144.5
standard,jamarrchase,2026-08-14,4.9
standard,jamescook,2026-08-14,9.4
standard,jamesonwilliams,2026-08-14,39.4
standard,jaredgoff,2026-08-14,108.7
standard,jasonmyers,2026-08-14,135.6
standard,jauanjennings,2026-08-14,145.3
standard,javontewilliams,2026-08-14,30.0
standard,jaxonsmithnjigba,2026-08-14,5.9
standard,jaxsondart,2026-08-14,103.5
standard,jaydendaniels,2026-08-14,68.7
standard,jaydenhiggins,2026-08-14,123.0
standard,jaydenreed,2026-08-14,87.4
standard,jaylenwaddle,2026-08-14,53.1
standard,jaylenwarren,2026-08-14,74.2
standard,jeremiyahlove,2026-08-14,32.7
standard,jerryjeudy,2026-08-14,131.9
standard,jkdobbins,2026-08-14,78.2
standard,joeburrow,2026-08-14,54.1
standard,johnmetchie,2026-08-14,133.9
standard,jonathantaylor,2026-08-14,4.2
standard,jonathonbrooks,2026-08-14,118.0
standard,jordanaddison,2026-08-14,80.6
standard,jordanlove,2026-08-14,156.7
standard,jordanmason,2026-08-14,111.2
standard,jordyntyson,2026-08-14,85.7
standard,joshallen,2026-08-14,19.0
standard,joshdowns,2026-08-14,105.8
standard,joshjacobs,2026-08-14,17.4
standard,justinherbert,2026-08-14,101.7
standard,justinjefferson,2026-08-14,18.4
standard,juwanjohnson,2026-08-14,155.0
standard,kaimifairbairn,2026-08-14,138.6
standard,kayshonboutte,2026-08-14,155.4
standard,kcconcepcion,2026-08-14,126.4
standard,keatonmitchell,2026-08-14,154.2
standard,kennethwalker,2026-08-14,27.7
standard,kennygainwell,2026-08-14,123.5
standard,kenyonsadiq,2026-08-14,159.4
standard,khalilshakir,2026-08-14,114.2
standard,kylemonangai,2026-08-14,100.5
standard,kylepitts,2026-08-14,108.2
standard,kylermurray,2026-08-14,154.8
standard,kyrenwilliams,2026-08-14,24.9
standard,laddmcconkey,2026-08-14,47.1
standard,lamarjackson,2026-08-14,49.6
standard,lutherburden,2026-08-14,56.6
standard,makailemon,2026-08-14,93.6
standard,maliknabers,2026-08-14,30.7
standard,malikwashington,2026-08-14,157.6
standard,malikwillis,2026-08-14,159.7
standard,markandrews,2026-08-14,128.5
standard,marvinharrison,2026-08-14,62.7
standard,matthewgolden,2026-08-14,106.1
standard,matthewstafford,2026-08-14,75.9
standard,michaelpittman,2026-08-14,93.5
standard,michaelwilson,2026-08-14,83.3
standard,mikeevans,2026-08-14,56.1
standard,nickfolk,2026-08-14,152.0
standard,nicocollins,2026-08-14,22.0
standard,omarcooper,2026-08-14,170.1
standard,omarionhampton,2026-08-14,22.0
standard,parkerwashington,2026-08-14,66.1
standard,patrickmahomes,2026-08-14,96.2
standard,pukanacua,2026-08-14,2.7
standard,quentinjohnston,2026-08-14,74.1
standard,quinshonjudkins,2026-08-14,48.8
standard,rachaadwhite,2026-08-14,115.5
standard,rasheerice,2026-08-14,16.7
standard,rashidshaheed,2026-08-14,100.4
standard,rashodbateman,2026-08-14,129.0
standard,rhamondrestevenson,2026-08-14,67.9
standard,rickypearsall,2026-08-14,102.9
standard,ricodowdle,2026-08-14,68.7
standard,rjharvey,2026-08-14,94.3
standard,romeodoubs,2026-08-14,102.1
standard,romeodunze,2026-08-14,40.4
standard,samdarnold,2026-08-14,154.9
standard,samlaporta,2026-08-14,104.0
standard,saquonbarkley,2026-08-14,14.6
standard,stefondiggs,2026-08-14,98.8
standard,tankbigsby,2026-08-14,146.6
standard,tankdell,2026-08-14,143.4
standard,teehiggins,2026-08-14,33.1
standard,terrymclaurin,2026-08-14,44.4
standard,tetairoamcmillan,2026-08-14,36.6
standard,theowease,2026-08-14,132.0
standard,tonypollard,2026-08-14,65.8
standard,travisetienne,2026-08-14,41.2
standard,travishunter,2026-08-14,161.6
standard,traviskelce,2026-08-14,134.0
standard,treharris,2026-08-14,164.9
standard,tretucker,2026-08-14,124.9
standard,treveyonhenderson,2026-08-14,56.6
standard,trevorlawrence,2026-08-14,89.9
standard,treymcbride,2026-08-14,54.2
standard,tuckerkraft,2026-08-14,88.4
standard,tyjaespears,2026-08-14,160.0
standard,tylerallgeier,2026-08-14,150.7
standard,tylerloop,2026-08-14,164.2
standard,tylershough,2026-08-14,144.7
standard,tylerwarren,2026-08-14,80.5
standard,tyronetracy,2026-08-14,151.0
standard,wandalerobinson,2026-08-14,101.4
standard,willreichard,2026-08-14,172.8
standard,willutz,2026-08-14,168.8
standard,woodymarks,2026-08-14,145.0
standard,xavierworthy,2026-08-14,87.4
standard,zachcharbonnet,2026-08-14,137.1
standard,zayflowers,2026-08-14,24.5
2qb,ATL,2026-08-15,150.7
2qb,BAL,2026-08-15,153.6
2qb,BUF,2026-08-15,154.8
2qb,DEN,2026-08-15,110.0
2qb,DET,2026-08-15,137.9
2qb,HOU,2026-08-15,120.9
2qb,JAX,2026-08-15,147.3
2qb,LA,2026-08-15,131.2
2qb,LAC,2026-08-15,145.3
2qb,MIN,2026-08-15,134.7
2qb,NE,2026-08-15,138.2
2qb,PHI,2026-08-15,138.8
2qb,PIT,2026-08-15,143.7
2qb,SEA,2026-08-15,115.9
2qb,TEN,2026-08-15,151.6
2qb,aaronjones,2026-08-15,118.0
2qb,aaronrodgers,2026-08-15,112.1
2qb,adonaimitchell,2026-08-15,167.5
2qb,ajbrown,2026-08-15,34.2
2qb,alecpierce,2026-08-15,70.6
2qb,alvinkamara,2026-08-15,151.8
2qb,amonrastbrown,2026-08-15,17.3
2qb,antoniowilliams,2026-08-15,158.7
2qb,ashtonjeanty,2026-08-15,29.7
2qb,bakermayfield,2026-08-15,37.6
2qb,bhayshultuten,2026-08-15,68.2
2qb,bijanrobinson,2026-08-15,2.6
2qb,blakecorum,2026-08-15,123.8
2qb,bonix,2026-08-15,31.0
2qb,brandonaiyuk,2026-08-15,148.7
2qb,brandonaubrey,2026-08-15,129.0
2qb,breecehall,2026-08-15,46.6
2qb,brentonstrange,2026-08-15,141.6
2qb,brianrobinson,2026-08-15,143.6
2qb,brianthomas,2026-08-15,89.9
2qb,brockbowers,2026-08-15,62.6
2qb,brockpurdy,2026-08-15,17.4
2qb,bryceyoung,2026-08-15,88.6
2qb,buckyirving,2026-08-15,65.2
2qb,cairosantos,2026-08-15,152.0
2qb,calebwilliams,2026-08-15,22.8
2qb,calvinridley,2026-08-15,137.7
2qb,camerondicker,2026-08-15,140.6
2qb,camlittle,2026-08-15,150.7
2qb,camskattebo,2026-08-15,52.7
2qb,camward,2026-08-15,95.0
2qb,carnelltate,2026-08-15,91.6
2qb,carsonbeck,2026-08-15,142.6
2qb,ceedeelamb,2026-08-15,27.1
2qb,chasebrown,2026-08-15,35.3
2qb,chasemclaughlin,2026-08-15,152.3
2qb,chigokonkwo,2026-08-15,148.2
2qb,chimeredike,2026-08-15,110.1
2qb,chrisboswell,2026-08-15,147.1
2qb,chrisgodwin,2026-08-15,106.5
2qb,chrisolave,2026-08-15,42.8
2qb,chrisrodriguez,2026-08-15,156.7
2qb,christianmccaffrey,2026-08-15,11.6
2qb,christianwatson,2026-08-15,78.7
2qb,chubahubbard,2026-08-15,97.5
2qb,cjstroud,2026-08-15,67.1
2qb,colstonloveland,2026-08-15,81.7
2qb,cooperkupp,2026-08-15,159.1
2qb,courtlandsutton,2026-08-15,80.9
2qb,dakprescott,2026-08-15,11.6
2qb,dallasgoedert,2026-08-15,119.8
2qb,daltonkincaid,2026-08-15,144.0
2qb,daltonschultz,2026-08-15,166.1
2qb,dandreswift,2026-08-15,61.3
2qb,danieljones,2026-08-15,69.3
2qb,davanteadams,2026-08-15,52.7
2qb,davidmontgomery,2026-08-15,74.8
2qb,deebosamuel,2026-08-15,111.5
2qb,denzelboston,2026-08-15,159.7
2qb,derrickhenry,2026-08-15,12.6
2qb,deshaunwatson,2026-08-15,130.2
2qb,devonachane,2026-08-15,24.1
2qb,devontasmith,2026-08-15,56.3
2qb,dezhaunstribling,2026-08-15,145.1
2qb,djmoore,2026-08-15,74.4
2qb,dkmetcalf,2026-08-15,82.0
2qb,drakelondon,2026-08-15,25.7
2qb,drakemaye,2026-08-15,5.9
2qb,eddypineiro,2026-08-15,149.0
2qb,emekaegbuka,2026-08-15,51.2
2qb,evanmcpherson,2026-08-15,160.6
2qb,fernandomendoza,2026-08-15,128.8
2qb,garrettwilson,2026-08-15,59.2
2qb,genosmith,2026-08-15,109.6
2qb,georgekittle,2026-08-15,126.0
2qb,georgepickens,2026-08-15,33.1
2qb,germiebernard,2026-08-15,167.2
2qb,haroldfannin,2026-08-15,108.4
2qb,harrisonbutker,2026-08-15,154.8
2qb,harrisonmevis,2026-08-15,143.9
2qb,hunterhenry,2026-08-15,147.3
2qb,isaacteslaa,2026-08-15,157.2
2qb,isaiahlikely,2026-08-15,142.7
2qb,isiahpacheco,2026-08-15,145.5
2qb,jacobybrissett,2026-08-15,106.9
2qb,jacorycroskeymerritt,2026-08-15,111.6
2qb,jadarianprice,2026-08-15,81.6
2qb,jahmyrgibbs,2026-08-15,2.0
2qb,jakebates,2026-08-15,146.4
2qb,jakeferguson,2026-08-15,148.0
2qb,jakobimeyers,2026-08-15,102.1
2qb,jalencoker,2026-08-15,138.1
2qb,jalenhurts,2026-08-15,16.1
2qb,jalenmcmillan,2026-08-15,150.9
2qb,jalennailor,2026-08-15,152.7
2qb,jamarrchase,2026-08-15,9.0
2qb,jamescook,2026-08-15,18.2
2qb,jamesonwilliams,2026-08-15,56.4
2qb,jaredgoff,2026-08-15,23.8
2qb,jasonmyers,2026-08-15,133.2
2qb,jauanjennings,2026-08-15,158.7
2qb,javontewilliams,2026-08-15,48.7
2qb,jaxonsmithnjigba,2026-08-15,12.0
2qb,jaxsondart,2026-08-15,26.1
2qb,jaydendaniels,2026-08-15,12.7
2qb,jaydenhiggins,2026-08-15,137.5
2qb,jaydenreed,2026-08-15,103.4
2qb,jaylenwaddle,2026-08-15,73.1
2qb,jaylenwarren,2026-08-15,98.6
2qb,jeremiyahlove,2026-08-15,48.1
2qb,jerryjeudy,2026-08-15,150.4
2qb,jkdobbins,2026-08-15,96.5
2qb,joeburrow,2026-08-15,7.5
2qb,johnmetchie,2026-08-15,144.7
2qb,jonathantaylor,2026-08-15,6.3
2qb,jonathonbrooks,2026-08-15,135.2
2qb,jordanaddison,2026-08-15,99.9
2qb,jordanlove,2026-08-15,53.4
2qb,jordanmason,2026-08-15,124.0
2qb,jordyntyson,2026-08-15,101.4
2qb,joshallen,2026-08-15,1.5
2qb,joshdowns,2026-08-15,128.7
2qb,joshjacobs,2026-08-15,32.7
2qb,justinherbert,2026-08-15,23.9
2qb,justinjefferson,2026-08-15,30.5
2qb,kaimifairbairn,2026-08-15,137.8
2qb,kcconcepcion,2026-08-15,134.8
2qb,keatonmitchell,2026-08-15,155.2
2qb,kennethwalker,2026-08-15,42.9
2qb,kennygainwell,2026-08-15,133.1
2qb,kenyonsadiq,2026-08-15,130.4
2qb,khalilshakir,2026-08-15,135.0
2qb,kirkcousins,2026-08-15,137.5
2qb,kylemonangai,2026-08-15,112.2
2qb,kylepitts,2026-08-15,110.9
2qb,kylermurray,2026-08-15,56.1
2qb,kyrenwilliams,2026-08-15,43.1
2qb,laddmcconkey,2026-08-15,67.9
2qb,lamarjackson,2026-08-15,6.5
2qb,lutherburden,2026-08-15,76.4
2qb,makailemon,2026-08-15,113.6
2qb,maliknabers,2026-08-15,54.9
2qb,malikwashington,2026-08-15,166.4
2qb,malikwillis,2026-08-15,76.6
2qb,markandrews,2026-08-15,127.3
2qb,marvinharrison,2026-08-15,85.2
2qb,matthewgolden,2026-08-15,128.3
2qb,matthewstafford,2026-08-15,17.5
2qb,michaelpenix,2026-08-15,141.1
2qb,michaelpittman,2026-08-15,109.7
2qb,michaelwilson,2026-08-15,105.2
2qb,mikeevans,2026-08-15,78.0
2qb,nickfolk,2026-08-15,152.0
2qb,nicocollins,2026-08-15,37.9
2qb,omarcooper,2026-08-15,155.7
2qb,omarionhampton,2026-08-15,37.4
2qb,parkerwashington,2026-08-15,89.1
2qb,patrickmahomes,2026-08-15,20.0
2qb,pukanacua,2026-08-15,5.5
2qb,quentinjohnston,2026-08-15,96.6
2qb,quinshonjudkins,2026-08-15,65.3
2qb,rachaadwhite,2026-08-15,127.2
2qb,rasheerice,2026-08-15,37.1
2qb,rashidshaheed,2026-08-15,126.1
2qb,rashodbateman,2026-08-15,150.8
2qb,rhamondrestevenson,2026-08-15,92.9
2qb,rickypearsall,2026-08-15,118.1
2qb,ricodowdle,2026-08-15,91.2
2qb,rjharvey,2026-08-15,116.4
2qb,romeodoubs,2026-08-15,122.6
2qb,romeodunze,2026-08-15,61.3
2qb,ryanflournoy,2026-08-15,153.4
2qb,samdarnold,2026-08-15,52.7
2qb,samlaporta,2026-08-15,108.8
2qb,saquonbarkley,2026-08-15,26.6
2qb,shedeursanders,2026-08-15,135.8
2qb,stefondiggs,2026-08-15,119.9
2qb,tankbigsby,2026-08-15,170.1
2qb,tankdell,2026-08-15,160.6
2qb,teehiggins,2026-08-15,50.0
2qb,terrymclaurin,2026-08-15,63.2
2qb,tetairoamcmillan,2026-08-15,53.6
2qb,theowease,2026-08-15,143.6
2qb,tonypollard,2026-08-15,83.4
2qb,travisetienne,2026-08-15,60.2
2qb,travishunter,2026-08-15,153.5
2qb,traviskelce,2026-08-15,136.8
2qb,tretucker,2026-08-15,137.9
2qb,treveyonhenderson,2026-08-15,74.3
2qb,trevorlawrence,2026-08-15,17.5
2qb,treymcbride,2026-08-15,66.4
2qb,tuatagovailoa,2026-08-15,134.9
2qb,tuckerkraft,2026-08-15,101.9
2qb,tyjaespears,2026-08-15,143.5
2qb,tylerallgeier,2026-08-15,148.3
2qb,tylerbass,2026-08-15,155.1
2qb,tylerloop,2026-08-15,149.6
2qb,tylershough,2026-08-15,48.4
2qb,tylerwarren,2026-08-15,89.2
2qb,tyronetracy,2026-08-15,159.9
2qb,wandalerobinson,2026-08-15,123.4
2qb,willreichard,2026-08-15,152.3
2qb,willutz,2026-08-15,168.6
2qb,woodymarks,2026-08-15,154.6
2qb,xavierworthy,2026-08-15,107.0
2qb,zachcharbonnet,2026-08-15,137.5
2qb,zayflowers,2026-08-15,42.4
half-ppr,ATL,2026-08-15,169.7
half-ppr,BAL,2026-08-15,163.5
half-ppr,BUF,2026-08-15,158.8
half-ppr,CLE,2026-08-15,177.6
half-ppr,DEN,2026-08-15,89.0
half-ppr,DET,2026-08-15,128.6
half-ppr,HOU,2026-08-15,103.9
half-ppr,JAX,2026-08-15,151.6
half-ppr,LA,2026-08-15,123.1
half-ppr,LAC,2026-08-15,143.0
half-ppr,MIA,2026-08-15,190.4
half-ppr,MIN,2026-08-15,118.6
half-ppr,NE,2026-08-15,126.9
half-ppr,NO,2026-08-15,175.3
half-ppr,PHI,2026-08-15,133.2
half-ppr,PIT,2026-08-15,146.7
half-ppr,SEA,2026-08-15,97.0
half-ppr,TEN,2026-08-15,166.4
half-ppr,aaronjones,2026-08-15,98.2
half-ppr,adonaimitchell,2026-08-15,160.4
half-ppr,ajbrown,2026-08-15,18.7
half-ppr,alecpierce,2026-08-15,53.8
half-ppr,alvinkamara,2026-08-15,147.3
half-ppr,amonrastbrown,2026-08-15,7.6
half-ppr,andyborregales,2026-08-15,179.1
half-ppr,antoniowilliams,2026-08-15,160.2
half-ppr,ashtonjeanty,2026-08-15,15.3
half-ppr,bakermayfield,2026-08-15,133.2
half-ppr,bhayshultuten,2026-08-15,52.6
half-ppr,bijanrobinson,2026-08-15,2.1
half-ppr,blakecorum,2026-08-15,121.2
half-ppr,bonix,2026-08-15,116.5
half-ppr,brandonaubrey,2026-08-15,128.9
half-ppr,breecehall,2026-08-15,28.2
half-ppr,brentonstrange,2026-08-15,159.5
half-ppr,brianrobinson,2026-08-15,144.4
half-ppr,brianthomas,2026-08-15,69.9
half-ppr,brockbowers,2026-08-15,43.4
half-ppr,brockpurdy,2026-08-15,84.2
half-ppr,buckyirving,2026-08-15,46.7
half-ppr,cairosantos,2026-08-15,164.1
half-ppr,calebwilliams,2026-08-15,97.2
half-ppr,calvinridley,2026-08-15,133.8
half-ppr,camerondicker,2026-08-15,142.5
half-ppr,camlittle,2026-08-15,160.6
half-ppr,camskattebo,2026-08-15,35.0
half-ppr,carnelltate,2026-08-15,74.4
half-ppr,ceedeelamb,2026-08-15,12.6
half-ppr,chasebrown,2026-08-15,15.2
half-ppr,chasemclaughlin,2026-08-15,154.2
half-ppr,chigokonkwo,2026-08-15,168.9
half-ppr,chrisboswell,2026-08-15,168.9
half-ppr,chrisgodwin,2026-08-15,84.1
half-ppr,chrisolave,2026-08-15,23.8
half-ppr,chrisrodriguez,2026-08-15,157.8
half-ppr,christianmccaffrey,2026-08-15,6.7
half-ppr,christianwatson,2026-08-15,59.9
half-ppr,chubahubbard,2026-08-15,75.7
half-ppr,cjstroud,2026-08-15,165.2
half-ppr,colstonloveland,2026-08-15,61.6
half-ppr,cooperkupp,2026-08-15,151.2
half-ppr,courtlandsutton,2026-08-15,59.3
half-ppr,dakprescott,2026-08-15,66.1
half-ppr,dallasgoedert,2026-08-15,113.9
half-ppr,daltonkincaid,2026-08-15,142.2
half-ppr,dandreswift,2026-08-15,43.9
half-ppr,danieljones,2026-08-15,161.9
half-ppr,davanteadams,2026-08-15,38.3
half-ppr,davidmontgomery,2026-08-15,59.4
half-ppr,deebosamuel,2026-08-15,97.3
half-ppr,denzelboston,2026-08-15,144.9
half-ppr,derrickhenry,2026-08-15,10.4
half-ppr,devonachane,2026-08-15,11.3
half-ppr,devontasmith,2026-08-15,31.2
half-ppr,dezhaunstribling,2026-08-15,146.1
half-ppr,djmoore,2026-08-15,49.4
half-ppr,dkmetcalf,2026-08-15,62.8
half-ppr,drakelondon,2026-08-15,10.8
half-ppr,drakemaye,2026-08-15,47.5
half-ppr,dylansampson,2026-08-15,176.9
half-ppr,eddypineiro,2026-08-15,160.0
half-ppr,emekaegbuka,2026-08-15,35.1
half-ppr,evanmcpherson,2026-08-15,168.2
half-ppr,garrettwilson,2026-08-15,31.0
half-ppr,georgekittle,2026-08-15,117.4
half-ppr,georgepickens,2026-08-15,19.3
half-ppr,haroldfannin,2026-08-15,82.9
half-ppr,harrisonbutker,2026-08-15,165.7
half-ppr,harrisonmevis,2026-08-15,130.8
half-ppr,hunterhenry,2026-08-15,147.9
half-ppr,isaacteslaa,2026-08-15,170.4
half-ppr,isaiahlikely,2026-08-15,137.6
half-ppr,isiahpacheco,2026-08-15,149.7
half-ppr,jacorycroskeymerritt,2026-08-15,108.3
half-ppr,jadarianprice,2026-08-15,75.0
half-ppr,jahmyrgibbs,2026-08-15,1.5
half-ppr,jakebates,2026-08-15,147.7
half-ppr,jakeferguson,2026-08-15,146.1
half-ppr,jakobilane,2026-08-15,162.7
half-ppr,jakobimeyers,2026-08-15,85.2
half-ppr,jalencoker,2026-08-15,117.5
half-ppr,jalenhurts,2026-08-15,76.2
half-ppr,jalenmcmillan,2026-08-15,135.6
half-ppr,jalennailor,2026-08-15,141.6
half-ppr,jamarrchase,2026-08-15,4.1
half-ppr,jamesconner,2026-08-15,152.7
half-ppr,jamescook,2026-08-15,10.6
half-ppr,jamesonwilliams,2026-08-15,39.9
half-ppr,jaredgoff,2026-08-15,107.1
half-ppr,jasonmyers,2026-08-15,134.0
half-ppr,jauanjennings,2026-08-15,142.2
half-ppr,javontewilliams,2026-08-15,36.0
half-ppr,jaxonsmithnjigba,2026-08-15,5.4
half-ppr,jaxsondart,2026-08-15,110.9
half-ppr,jaydendaniels,2026-08-15,72.7
half-ppr,jaydenhiggins,2026-08-15,124.8
half-ppr,jaydenreed,2026-08-15,89.8
half-ppr,jaylenwaddle,2026-08-15,48.4
half-ppr,jaylenwarren,2026-08-15,72.5
half-ppr,jeremiyahlove,2026-08-15,30.2
half-ppr,jerryjeudy,2026-08-15,133.7
half-ppr,jkdobbins,2026-08-15,89.4
half-ppr,joeburrow,2026-08-15,55.8
half-ppr,johnmetchie,2026-08-15,124.9
half-ppr,jonahcoleman,2026-08-15,150.2
half-ppr,jonathantaylor,2026-08-15,5.9
half-ppr,jonathonbrooks,2026-08-15,110.4
half-ppr,jordanaddison,2026-08-15,91.2
half-ppr,jordanjames,2026-08-15,165.0
half-ppr,jordanlove,2026-08-15,148.9
half-ppr,jordanmason,2026-08-15,114.7
half-ppr,jordyntyson,2026-08-15,89.4
half-ppr,joshallen,2026-08-15,28.2
half-ppr,joshdowns,2026-08-15,91.2
half-ppr,joshjacobs,2026-08-15,24.6
half-ppr,justinherbert,2026-08-15,105.5
half-ppr,justinjefferson,2026-08-15,14.6
half-ppr,juwanjohnson,2026-08-15,163.3
half-ppr,kaelonblack,2026-08-15,160.9
half-ppr,kaimifairbairn,2026-08-15,133.8
half-ppr,kayshonboutte,2026-08-15,165.2
half-ppr,kcconcepcion,2026-08-15,125.7
half-ppr,keatonmitchell,2026-08-15,143.3
half-ppr,kennethwalker,2026-08-15,24.9
half-ppr,kennygainwell,2026-08-15,100.2
half-ppr,kenyonsadiq,2026-08-15,169.6
half-ppr,khalilshakir,2026-08-15,104.0
half-ppr,kylemonangai,2026-08-15,107.9
half-ppr,kylepitts,2026-08-15,82.4
half-ppr,kylermurray,2026-08-15,142.7
half-ppr,kyrenwilliams,2026-08-15,29.2
half-ppr,laddmcconkey,2026-08-15,43.2
half-ppr,lamarjackson,2026-08-15,53.9
half-ppr,lutherburden,2026-08-15,58.3
half-ppr,makailemon,2026-08-15,103.3
half-ppr,maliknabers,2026-08-15,28.7
half-ppr,malikwashington,2026-08-15,153.2
half-ppr,malikwillis,2026-08-15,162.7
half-ppr,markandrews,2026-08-15,136.7
half-ppr,marshawnlloyd,2026-08-15,152.2
half-ppr,marvinharrison,2026-08-15,62.1
half-ppr,matthewgolden,2026-08-15,113.8
half-ppr,matthewstafford,2026-08-15,75.2
half-ppr,michaelpittman,2026-08-15,80.8
half-ppr,michaelwilson,2026-08-15,79.1
half-ppr,mikeevans,2026-08-15,54.8
half-ppr,mikewashington,2026-08-15,168.6
half-ppr,nickfolk,2026-08-15,157.2
half-ppr,nicocollins,2026-08-15,22.5
half-ppr,omarcooper,2026-08-15,164.8
half-ppr,omarionhampton,2026-08-15,21.8
half-ppr,parkerwashington,2026-08-15,66.5
half-ppr,patbryant,2026-08-15,168.3
half-ppr,patrickmahomes,2026-08-15,97.8
half-ppr,pukanacua,2026-08-15,2.9
half-ppr,quentinjohnston,2026-08-15,83.0
half-ppr,quinshonjudkins,2026-08-15,51.2
half-ppr,rachaadwhite,2026-08-15,109.5
half-ppr,rasheerice,2026-08-15,14.4
half-ppr,rashidshaheed,2026-08-15,120.2
half-ppr,rashodbateman,2026-08-15,133.2
half-ppr,rhamondrestevenson,2026-08-15,70.8
half-ppr,rickypearsall,2026-08-15,112.2
half-ppr,ricodowdle,2026-08-15,74.1
half-ppr,rjharvey,2026-08-15,87.8
half-ppr,romeodoubs,2026-08-15,109.0
half-ppr,romeodunze,2026-08-15,45.1
half-ppr,ryanflournoy,2026-08-15,163.2
half-ppr,samdarnold,2026-08-15,145.8
half-ppr,samlaporta,2026-08-15,90.9
half-ppr,saquonbarkley,2026-08-15,18.2
half-ppr,stefondiggs,2026-08-15,96.0
half-ppr,tankbigsby,2026-08-15,159.8
half-ppr,tankdell,2026-08-15,152.6
half-ppr,teehiggins,2026-08-15,36.5
half-ppr,terrymclaurin,2026-08-15,43.4
half-ppr,tetairoamcmillan,2026-08-15,35.6
half-ppr,theowease,2026-08-15,134.6
half-ppr,tjhockenson,2026-08-15,162.2
half-ppr,tonypollard,2026-08-15,66.7
half-ppr,travisetienne,2026-08-15,42.0
half-ppr,travishunter,2026-08-15,159.3
half-ppr,traviskelce,2026-08-15,124.8
half-ppr,tretucker,2026-08-15,135.4
half-ppr,treveyonhenderson,2026-08-15,57.9
half-ppr,trevorlawrence,2026-08-15,91.3
half-ppr,treymcbride,2026-08-15,41.9
half-ppr,tuckerkraft,2026-08-15,97.5
half-ppr,tyjaespears,2026-08-15,146.0
half-ppr,tylerallgeier,2026-08-15,159.1
half-ppr,tylerloop,2026-08-15,151.9
half-ppr,tylershough,2026-08-15,135.8
half-ppr,tylerwarren,2026-08-15,70.0
half-ppr,tyronetracy,2026-08-15,153.8
half-ppr,wandalerobinson,2026-08-15,86.6
half-ppr,willreichard,2026-08-15,153.9
half-ppr,willutz,2026-08-15,168.5
half-ppr,woodymarks,2026-08-15,145.5
half-ppr,xavierworthy,2026-08-15,100.8
half-ppr,zachcharbonnet,2026-08-15,133.8
half-ppr,zayflowers,2026-08-15,24.8
ppr,ATL,2026-08-15,165.0
ppr,BAL,2026-08-15,161.6
ppr,BUF,2026-08-15,161.5
ppr,CHI,2026-08-15,172.2
ppr,CIN,2026-08-15,176.4
ppr,CLE,2026-08-15,169.5
ppr,DAL,2026-08-15,167.1
ppr,DEN,2026-08-15,92.1
ppr,DET,2026-08-15,130.7
ppr,GB,2026-08-15,154.1
ppr,HOU,2026-08-15,104.0
ppr,JAX,2026-08-15,154.7
ppr,LA,2026-08-15,125.1
ppr,LAC,2026-08-15,144.9
ppr,MIA,2026-08-15,179.4
ppr,MIN,2026-08-15,117.0
ppr,NE,2026-08-15,130.9
ppr,NO,2026-08-15,171.9
ppr,NYG,2026-08-15,170.3
ppr,NYJ,2026-08-15,152.4
ppr,PHI,2026-08-15,131.2
ppr,PIT,2026-08-15,146.6
ppr,SEA,2026-08-15,96.3
ppr,SF,2026-08-15,150.7
ppr,TEN,2026-08-15,159.3
ppr,WAS,2026-08-15,181.1
ppr,aaronjones,2026-08-15,96.0
ppr,aaronrodgers,2026-08-15,174.6
ppr,adonaimitchell,2026-08-15,159.9
ppr,ajbarner,2026-08-15,163.2
ppr,ajbrown,2026-08-15,17.3
ppr,ajdillon,2026-08-15,170.3
ppr,alecpierce,2026-08-15,57.6
ppr,alvinkamara,2026-08-15,140.2
ppr,amonrastbrown,2026-08-15,6.7
ppr,andyborregales,2026-08-15,151.4
ppr,antoniowilliams,2026-08-15,161.5
ppr,ashtonjeanty,2026-08-15,14.4
ppr,bakermayfield,2026-08-15,129.4
ppr,bhayshultuten,2026-08-15,53.9
ppr,bijanrobinson,2026-08-15,1.7
ppr,blakecorum,2026-08-15,122.5
ppr,blakegrupe,2026-08-15,172.3
ppr,bonix,2026-08-15,119.7
ppr,braelonallen,2026-08-15,154.0
ppr,brandonaubrey,2026-08-15,130.2
ppr,breecehall,2026-08-15,28.0
ppr,brentonstrange,2026-08-15,164.0
ppr,brianrobinson,2026-08-15,164.8
ppr,brianthomas,2026-08-15,75.7
ppr,brockbowers,2026-08-15,39.7
ppr,brockpurdy,2026-08-15,83.6
ppr,bryceyoung,2026-08-15,170.9
ppr,buckyirving,2026-08-15,44.4
ppr,cairosantos,2026-08-15,160.8
ppr,calebdouglas,2026-08-15,180.0
ppr,calebwilliams,2026-08-15,101.1
ppr,calvinridley,2026-08-15,135.1
ppr,camerondicker,2026-08-15,144.4
ppr,camlittle,2026-08-15,159.3
ppr,camskattebo,2026-08-15,32.9
ppr,camward,2026-08-15,173.1
ppr,carnelltate,2026-08-15,75.6
ppr,ceedeelamb,2026-08-15,11.1
ppr,chasebrown,2026-08-15,13.1
ppr,chasemclaughlin,2026-08-15,157.3
ppr,chigokonkwo,2026-08-15,163.2
ppr,chimeredike,2026-08-15,145.7
ppr,chrisboswell,2026-08-15,157.8
ppr,chrisgodwin,2026-08-15,87.4
ppr,chrisolave,2026-08-15,21.4
ppr,chrisrodriguez,2026-08-15,162.1
ppr,christiankirk,2026-08-15,186.9
ppr,christianmccaffrey,2026-08-15,6.2
ppr,christianwatson,2026-08-15,67.0
ppr,chubahubbard,2026-08-15,75.0
ppr,cjstroud,2026-08-15,161.2
ppr,colstonloveland,2026-08-15,58.8
ppr,cooperkupp,2026-08-15,158.5
ppr,courtlandsutton,2026-08-15,60.1
ppr,cyrusallen,2026-08-15,157.6
ppr,dakprescott,2026-08-15,65.5
ppr,dallasgoedert,2026-08-15,113.1
ppr,daltonkincaid,2026-08-15,152.9
ppr,daltonschultz,2026-08-15,155.7
ppr,dandreswift,2026-08-15,45.3
ppr,danieljones,2026-08-15,150.8
ppr,dariusslayton,2026-08-15,172.8
ppr,darnellmooney,2026-08-15,185.4
ppr,davanteadams,2026-08-15,41.2
ppr,davidmontgomery,2026-08-15,63.9
ppr,deebosamuel,2026-08-15,104.8
ppr,denzelboston,2026-08-15,150.5
ppr,derrickhenry,2026-08-15,16.6
ppr,devonachane,2026-08-15,10.3
ppr,devontasmith,2026-08-15,28.8
ppr,dezhaunstribling,2026-08-15,153.8
ppr,djmoore,2026-08-15,52.0
ppr,dkmetcalf,2026-08-15,65.2
ppr,dontayvionwicks,2026-08-15,174.8
ppr,drakelondon,2026-08-15,10.2
ppr,drakemaye,2026-08-15,50.0
ppr,dylansampson,2026-08-15,162.5
ppr,eddypineiro,2026-08-15,159.4
ppr,emaridemercado,2026-08-15,167.4
ppr,emekaegbuka,2026-08-15,36.0
ppr,evanmcpherson,2026-08-15,168.5
ppr,fernandomendoza,2026-08-15,166.9
ppr,garrettwilson,2026-08-15,28.2
ppr,georgekittle,2026-08-15,112.8
ppr,georgepickens,2026-08-15,20.2
ppr,germiebernard,2026-08-15,170.8
ppr,gregdulcich,2026-08-15,172.1
ppr,haroldfannin,2026-08-15,80.8
ppr,harrisonbutker,2026-08-15,161.4
ppr,harrisonmevis,2026-08-15,150.8
ppr,hunterhenry,2026-08-15,156.6
ppr,isaacteslaa,2026-08-15,179.1
ppr,isaiahlikely,2026-08-15,133.0
ppr,isiahpacheco,2026-08-15,151.1
ppr,jacobybrissett,2026-08-15,168.4
ppr,jacorycroskeymerritt,2026-08-15,112.6
ppr,jadarianprice,2026-08-15,75.2
ppr,jahmyrgibbs,2026-08-15,1.8
ppr,jakebates,2026-08-15,150.6
ppr,jakeferguson,2026-08-15,137.2
ppr,jakobilane,2026-08-15,163.0
ppr,jakobimeyers,2026-08-15,80.6
ppr,jalencoker,2026-08-15,125.1
ppr,jalenhurts,2026-08-15,77.0
ppr,jalenmcmillan,2026-08-15,149.2
ppr,jalennailor,2026-08-15,156.0
ppr,jalentolbert,2026-08-15,168.7
ppr,jamarrchase,2026-08-15,3.9
ppr,jamesconner,2026-08-15,175.0
ppr,jamescook,2026-08-15,13.6
ppr,jamesonwilliams,2026-08-15,44.6
ppr,jaredgoff,2026-08-15,107.0
ppr,jasonmyers,2026-08-15,138.2
ppr,jauanjennings,2026-08-15,145.6
ppr,javontewilliams,2026-08-15,36.8
ppr,jaxonsmithnjigba,2026-08-15,5.5
ppr,jaxsondart,2026-08-15,105.2
ppr,jaydendaniels,2026-08-15,70.0
ppr,jaydenhiggins,2026-08-15,131.7
ppr,jaydenreed,2026-08-15,95.1
ppr,jaydonblue,2026-08-15,149.3
ppr,jaylenwaddle,2026-08-15,46.6
ppr,jaylenwarren,2026-08-15,66.8
ppr,jeremiyahlove,2026-08-15,27.6
ppr,jerryjeudy,2026-08-15,134.3
ppr,jkdobbins,2026-08-15,95.5
ppr,joeburrow,2026-08-15,56.3
ppr,johnmetchie,2026-08-15,121.9
ppr,jonahcoleman,2026-08-15,149.7
ppr,jonathantaylor,2026-08-15,7.4
ppr,jonathonbrooks,2026-08-15,108.8
ppr,jordanaddison,2026-08-15,101.8
ppr,jordanjames,2026-08-15,159.4
ppr,jordanlove,2026-08-15,146.7
ppr,jordanmason,2026-08-15,123.4
ppr,jordyntyson,2026-08-15,91.6
ppr,joshallen,2026-08-15,28.8
ppr,joshdowns,2026-08-15,86.9
ppr,joshjacobs,2026-08-15,27.8
ppr,justicehill,2026-08-15,165.1
ppr,justinherbert,2026-08-15,104.3
ppr,justinjefferson,2026-08-15,13.9
ppr,juwanjohnson,2026-08-15,159.0
ppr,kaelonblack,2026-08-15,154.1
ppr,kaimifairbairn,2026-08-15,140.2
ppr,kayshonboutte,2026-08-15,172.5
ppr,kcconcepcion,2026-08-15,129.2
ppr,keatonmitchell,2026-08-15,158.0
ppr,kennethwalker,2026-08-15,25.2
ppr,kennygainwell,2026-08-15,88.5
ppr,kenyonsadiq,2026-08-15,163.0
ppr,khalilshakir,2026-08-15,100.9
ppr,kimanividal,2026-08-15,156.9
ppr,kylemonangai,2026-08-15,107.8
ppr,kylepitts,2026-08-15,77.6
ppr,kylermurray,2026-08-15,142.9
ppr,kyrenwilliams,2026-08-15,33.2
ppr,laddmcconkey,2026-08-15,42.0
ppr,lamarjackson,2026-08-15,54.5
ppr,lutherburden,2026-08-15,56.8
ppr,makailemon,2026-08-15,109.2
ppr,maliknabers,2026-08-15,29.5
ppr,malikwashington,2026-08-15,154.9
ppr,malikwillis,2026-08-15,162.0
ppr,markandrews,2026-08-15,140.2
ppr,marshawnlloyd,2026-08-15,156.1
ppr,marvinharrison,2026-08-15,64.4
ppr,matthewgolden,2026-08-15,120.0
ppr,matthewstafford,2026-08-15,83.2
ppr,michaelpittman,2026-08-15,72.9
ppr,michaelwilson,2026-08-15,83.8
ppr,mikeevans,2026-08-15,56.6
ppr,mikewashington,2026-08-15,148.8
ppr,nickfolk,2026-08-15,155.4
ppr,nicocollins,2026-08-15,23.1
ppr,omarcooper,2026-08-15,163.1
ppr,omarionhampton,2026-08-15,19.9
ppr,parkerwashington,2026-08-15,68.6
ppr,patbryant,2026-08-15,147.1
ppr,patrickmahomes,2026-08-15,99.0
ppr,pukanacua,2026-08-15,3.1
ppr,quentinjohnston,2026-08-15,93.9
ppr,quinshonjudkins,2026-08-15,51.0
ppr,rachaadwhite,2026-08-15,103.0
ppr,rasheerice,2026-08-15,13.6
ppr,rashidshaheed,2026-08-15,126.3
ppr,rashodbateman,2026-08-15,148.8
ppr,raydavis,2026-08-15,160.0
ppr,rhamondrestevenson,2026-08-15,70.9
ppr,rickypearsall,2026-08-15,112.5
ppr,ricodowdle,2026-08-15,70.5
ppr,rjharvey,2026-08-15,83.5
ppr,romeodoubs,2026-08-15,113.3
ppr,romeodunze,2026-08-15,49.2
ppr,ryanflournoy,2026-08-15,169.9
ppr,samajeperine,2026-08-15,173.7
ppr,samdarnold,2026-08-15,143.5
ppr,samlaporta,2026-08-15,88.0
ppr,saquonbarkley,2026-08-15,20.0
ppr,stefondiggs,2026-08-15,92.5
ppr,tankbigsby,2026-08-15,161.1
ppr,tankdell,2026-08-15,149.9
ppr,teehiggins,2026-08-15,37.2
ppr,terrymclaurin,2026-08-15,44.6
ppr,tetairoamcmillan,2026-08-15,33.9
ppr,theowease,2026-08-15,139.6
ppr,tjhockenson,2026-08-15,163.2
ppr,tonypollard,2026-08-15,66.9
ppr,travisetienne,2026-08-15,40.7
ppr,travishunter,2026-08-15,161.3
ppr,traviskelce,2026-08-15,107.5
ppr,treharris,2026-08-15,162.5
ppr,tretucker,2026-08-15,133.6
ppr,treveyonhenderson,2026-08-15,57.9
ppr,trevorlawrence,2026-08-15,90.8
ppr,treymcbride,2026-08-15,33.4
ppr,treysmack,2026-08-15,155.3
ppr,tuckerkraft,2026-08-15,104.2
ppr,tyjaespears,2026-08-15,131.5
ppr,tyjohnson,2026-08-15,165.3
ppr,tylerallgeier,2026-08-15,167.9
ppr,tylerbass,2026-08-15,163.3
ppr,tylerloop,2026-08-15,160.6
ppr,tylershough,2026-08-15,136.9
ppr,tylerwarren,2026-08-15,65.2
ppr,tyronetracy,2026-08-15,152.7
ppr,wandalerobinson,2026-08-15,77.9
ppr,willreichard,2026-08-15,158.0
ppr,willutz,2026-08-15,164.1
ppr,woodymarks,2026-08-15,150.5
ppr,xavierworthy,2026-08-15,106.9
ppr,zachariahbranch,2026-08-15,172.9
ppr,zachcharbonnet,2026-08-15,140.3
ppr,zayflowers,2026-08-15,25.6
standard,ATL,2026-08-15,169.8
standard,BAL,2026-08-15,162.6
standard,BUF,2026-08-15,162.6
standard,CLE,2026-08-15,159.9
standard,DEN,2026-08-15,88.7
standard,DET,2026-08-15,117.8
standard,HOU,2026-08-15,107.1
standard,JAX,2026-08-15,163.3
standard,KC,2026-08-15,144.1
standard,LA,2026-08-15,131.3
standard,LAC,2026-08-15,143.1
standard,MIN,2026-08-15,120.1
standard,NE,2026-08-15,130.2
standard,PHI,2026-08-15,133.9
standard,PIT,2026-08-15,143.8
standard,SEA,2026-08-15,94.3
standard,TEN,2026-08-15,161.1
standard,aaronjones,2026-08-15,100.2
standard,adonaimitchell,2026-08-15,159.2
standard,ajbrown,2026-08-15,19.1
standard,alecpierce,2026-08-15,46.0
standard,alvinkamara,2026-08-15,148.6
standard,amonrastbrown,2026-08-15,8.6
standard,antoniowilliams,2026-08-15,151.1
standard,ashtonjeanty,2026-08-15,16.4
standard,bakermayfield,2026-08-15,136.2
standard,bhayshultuten,2026-08-15,50.7
standard,bijanrobinson,2026-08-15,2.2
standard,blakecorum,2026-08-15,109.5
standard,bonix,2026-08-15,120.5
standard,brandonaubrey,2026-08-15,130.4
standard,breecehall,2026-08-15,27.2
standard,brentonstrange,2026-08-15,162.1
standard,brianrobinson,2026-08-15,158.0
standard,brianthomas,2026-08-15,67.4
standard,brockbowers,2026-08-15,53.3
standard,brockpurdy,2026-08-15,80.6
standard,buckyirving,2026-08-15,46.7
standard,cairosantos,2026-08-15,161.1
standard,calebwilliams,2026-08-15,100.3
standard,calvinridley,2026-08-15,119.1
standard,camerondicker,2026-08-15,147.8
standard,camlittle,2026-08-15,156.1
standard,camskattebo,2026-08-15,34.6
standard,carnelltate,2026-08-15,72.1
standard,ceedeelamb,2026-08-15,13.9
standard,chasebrown,2026-08-15,19.3
standard,chasemclaughlin,2026-08-15,161.4
standard,chrisboswell,2026-08-15,168.3
standard,chrisgodwin,2026-08-15,84.8
standard,chrisolave,2026-08-15,26.8
standard,chrisrodriguez,2026-08-15,138.6
standard,christianmccaffrey,2026-08-15,6.5
standard,christianwatson,2026-08-15,56.6
standard,chubahubbard,2026-08-15,79.4
standard,cjstroud,2026-08-15,154.4
standard,colstonloveland,2026-08-15,71.7
standard,cooperkupp,2026-08-15,155.2
standard,courtlandsutton,2026-08-15,55.8
standard,dakprescott,2026-08-15,63.3
standard,dallasgoedert,2026-08-15,110.7
standard,daltonkincaid,2026-08-15,143.0
standard,dandreswift,2026-08-15,43.0
standard,danieljones,2026-08-15,145.9
standard,davanteadams,2026-08-15,34.2
standard,davidmontgomery,2026-08-15,58.6
standard,deebosamuel,2026-08-15,91.7
standard,denzelboston,2026-08-15,149.2
standard,derrickhenry,2026-08-15,7.2
standard,devonachane,2026-08-15,11.5
standard,devontasmith,2026-08-15,38.8
standard,dezhaunstribling,2026-08-15,149.9
standard,djmoore,2026-08-15,49.8
standard,dkmetcalf,2026-08-15,60.6
standard,drakelondon,2026-08-15,11.9
standard,drakemaye,2026-08-15,47.9
standard,eddypineiro,2026-08-15,165.9
standard,emekaegbuka,2026-08-15,33.9
standard,evanmcpherson,2026-08-15,172.1
standard,garrettwilson,2026-08-15,41.5
standard,georgekittle,2026-08-15,119.6
standard,georgepickens,2026-08-15,16.3
standard,germiebernard,2026-08-15,160.9
standard,haroldfannin,2026-08-15,103.7
standard,harrisonbutker,2026-08-15,164.6
standard,harrisonmevis,2026-08-15,137.0
standard,hunterhenry,2026-08-15,145.9
standard,isaiahlikely,2026-08-15,134.4
standard,isiahpacheco,2026-08-15,150.0
standard,jacorycroskeymerritt,2026-08-15,93.4
standard,jadarianprice,2026-08-15,66.5
standard,jahmyrgibbs,2026-08-15,1.5
standard,jakebates,2026-08-15,149.4
standard,jakeferguson,2026-08-15,154.8
standard,jakobilane,2026-08-15,157.6
standard,jakobimeyers,2026-08-15,84.5
standard,jalencoker,2026-08-15,121.6
standard,jalenhurts,2026-08-15,72.1
standard,jalenmcmillan,2026-08-15,139.9
standard,jalennailor,2026-08-15,141.9
standard,jamarrchase,2026-08-15,4.9
standard,jamescook,2026-08-15,9.1
standard,jamesonwilliams,2026-08-15,38.6
standard,jaredgoff,2026-08-15,107.6
standard,jasonmyers,2026-08-15,137.2
standard,jauanjennings,2026-08-15,144.7
standard,javontewilliams,2026-08-15,29.7
standard,jaxonsmithnjigba,2026-08-15,6.1
standard,jaxsondart,2026-08-15,107.2
standard,jaydendaniels,2026-08-15,69.1
standard,jaydenhiggins,2026-08-15,121.2
standard,jaydenreed,2026-08-15,85.7
standard,jaylenwaddle,2026-08-15,52.8
standard,jaylenwarren,2026-08-15,73.7
standard,jeremiyahlove,2026-08-15,32.6
standard,jerryjeudy,2026-08-15,132.6
standard,jkdobbins,2026-08-15,78.5
standard,joeburrow,2026-08-15,54.0
standard,johnmetchie,2026-08-15,133.1
standard,jonathantaylor,2026-08-15,4.1
standard,jonathonbrooks,2026-08-15,116.3
standard,jordanaddison,2026-08-15,80.3
standard,jordanlove,2026-08-15,157.7
standard,jordanmason,2026-08-15,110.2
standard,jordyntyson,2026-08-15,87.2
standard,joshallen,2026-08-15,20.3
standard,joshdowns,2026-08-15,103.2
standard,joshjacobs,2026-08-15,18.6
standard,justinherbert,2026-08-15,102.4
standard,justinjefferson,2026-08-15,17.8
standard,kaimifairbairn,2026-08-15,142.3
standard,kayshonboutte,2026-08-15,156.6
standard,kcconcepcion,2026-08-15,125.4
standard,keatonmitchell,2026-08-15,156.5
standard,kennethwalker,2026-08-15,26.7
standard,kennygainwell,2026-08-15,123.7
standard,kenyonsadiq,2026-08-15,158.0
standard,khalilshakir,2026-08-15,113.2
standard,kylemonangai,2026-08-15,102.5
standard,kylepitts,2026-08-15,106.2
standard,kylermurray,2026-08-15,153.6
standard,kyrenwilliams,2026-08-15,24.7
standard,laddmcconkey,2026-08-15,46.5
standard,lamarjackson,2026-08-15,50.3
standard,lutherburden,2026-08-15,57.1
standard,makailemon,2026-08-15,95.5
standard,maliknabers,2026-08-15,30.9
standard,malikwashington,2026-08-15,155.6
standard,malikwillis,2026-08-15,154.4
standard,markandrews,2026-08-15,127.0
standard,marvinharrison,2026-08-15,63.1
standard,matthewgolden,2026-08-15,105.6
standard,matthewstafford,2026-08-15,75.2
standard,michaelpittman,2026-08-15,92.8
standard,michaelwilson,2026-08-15,82.1
standard,mikeevans,2026-08-15,54.9
standard,nickfolk,2026-08-15,155.2
standard,nicocollins,2026-08-15,21.7
standard,omarcooper,2026-08-15,169.6
standard,omarionhampton,2026-08-15,22.3
standard,parkerwashington,2026-08-15,65.2
standard,patrickmahomes,2026-08-15,97.1
standard,pukanacua,2026-08-15,3.1
standard,quentinjohnston,2026-08-15,74.4
standard,quinshonjudkins,2026-08-15,49.4
standard,rachaadwhite,2026-08-15,115.6
standard,rasheerice,2026-08-15,17.4
standard,rashidshaheed,2026-08-15,103.5
standard,rashodbateman,2026-08-15,129.4
standard,rhamondrestevenson,2026-08-15,67.9
standard,rickypearsall,2026-08-15,103.3
standard,ricodowdle,2026-08-15,71.5
standard,rjharvey,2026-08-15,93.9
standard,romeodoubs,2026-08-15,100.8
standard,romeodunze,2026-08-15,40.7
standard,samdarnold,2026-08-15,153.5
standard,samlaporta,2026-08-15,104.3
standard,saquonbarkley,2026-08-15,14.6
standard,stefondiggs,2026-08-15,98.8
standard,tankbigsby,2026-08-15,146.1
standard,tankdell,2026-08-15,146.3
standard,teehiggins,2026-08-15,32.9
standard,terrymclaurin,2026-08-15,44.5
standard,tetairoamcmillan,2026-08-15,36.5
standard,theowease,2026-08-15,132.8
standard,tonypollard,2026-08-15,65.7
standard,travisetienne,2026-08-15,41.1
standard,travishunter,2026-08-15,161.4
standard,traviskelce,2026-08-15,134.1
standard,tretucker,2026-08-15,126.1
standard,treveyonhenderson,2026-08-15,57.5
standard,trevorlawrence,2026-08-15,91.1
standard,treymcbride,2026-08-15,53.4
standard,tuckerkraft,2026-08-15,88.1
standard,tyjaespears,2026-08-15,156.8
standard,tylerallgeier,2026-08-15,148.7
standard,tylerloop,2026-08-15,161.4
standard,tylershough,2026-08-15,142.2
standard,tylerwarren,2026-08-15,79.6
standard,tyronetracy,2026-08-15,150.9
standard,wandalerobinson,2026-08-15,102.6
standard,willreichard,2026-08-15,168.1
standard,willutz,2026-08-15,167.5
standard,woodymarks,2026-08-15,144.0
standard,xavierworthy,2026-08-15,87.2
standard,zachcharbonnet,2026-08-15,136.8
standard,zayflowers,2026-08-15,24.0
2qb,ATL,2026-08-16,150.7
2qb,BAL,2026-08-16,153.1
2qb,BUF,2026-08-16,156.0
2qb,DEN,2026-08-16,109.5
2qb,DET,2026-08-16,137.7
2qb,HOU,2026-08-16,120.6
2qb,JAX,2026-08-16,147.0
2qb,LA,2026-08-16,131.3
2qb,LAC,2026-08-16,145.2
2qb,MIN,2026-08-16,134.1
2qb,NE,2026-08-16,137.9
2qb,PHI,2026-08-16,138.7
2qb,PIT,2026-08-16,143.3
2qb,SEA,2026-08-16,115.3
2qb,TEN,2026-08-16,151.6
2qb,aaronjones,2026-08-16,118.6
2qb,aaronrodgers,2026-08-16,112.0
2qb,adonaimitchell,2026-08-16,166.6
2qb,ajbrown,2026-08-16,34.2
2qb,alecpierce,2026-08-16,70.0
2qb,alvinkamara,2026-08-16,152.4
2qb,amonrastbrown,2026-08-16,17.0
2qb,antoniowilliams,2026-08-16,159.2
2qb,ashtonjeanty,2026-08-16,29.6
2qb,bakermayfield,2026-08-16,38.2
2qb,bhayshultuten,2026-08-16,67.8
2qb,bijanrobinson,2026-08-16,2.6
2qb,blakecorum,2026-08-16,123.4
2qb,bonix,2026-08-16,30.9
2qb,brandonaiyuk,2026-08-16,148.7
2qb,brandonaubrey,2026-08-16,128.7
2qb,breecehall,2026-08-16,46.6
2qb,brentonstrange,2026-08-16,140.5
2qb,brianrobinson,2026-08-16,143.6
2qb,brianthomas,2026-08-16,89.8
2qb,brockbowers,2026-08-16,62.4
2qb,brockpurdy,2026-08-16,17.3
2qb,bryceyoung,2026-08-16,88.7
2qb,buckyirving,2026-08-16,65.1
2qb,cairosantos,2026-08-16,152.0
2qb,calebwilliams,2026-08-16,22.7
2qb,calvinridley,2026-08-16,137.4
2qb,camerondicker,2026-08-16,140.6
2qb,camlittle,2026-08-16,150.0
2qb,camskattebo,2026-08-16,52.4
2qb,camward,2026-08-16,95.2
2qb,carnelltate,2026-08-16,91.6
2qb,carsonbeck,2026-08-16,142.6
2qb,ceedeelamb,2026-08-16,26.9
2qb,chasebrown,2026-08-16,34.8
2qb,chasemclaughlin,2026-08-16,151.8
2qb,chigokonkwo,2026-08-16,148.2
2qb,chimeredike,2026-08-16,110.1
2qb,chrisboswell,2026-08-16,147.1
2qb,chrisgodwin,2026-08-16,106.2
2qb,chrisolave,2026-08-16,43.0
2qb,chrisrodriguez,2026-08-16,160.5
2qb,christianmccaffrey,2026-08-16,11.4
2qb,christianwatson,2026-08-16,78.3
2qb,chubahubbard,2026-08-16,97.2
2qb,cjstroud,2026-08-16,67.6
2qb,colstonloveland,2026-08-16,81.7
2qb,cooperkupp,2026-08-16,159.7
2qb,courtlandsutton,2026-08-16,80.8
2qb,dakprescott,2026-08-16,11.8
2qb,dallasgoedert,2026-08-16,120.2
2qb,daltonkincaid,2026-08-16,142.6
2qb,daltonschultz,2026-08-16,166.0
2qb,dandreswift,2026-08-16,61.0
2qb,danieljones,2026-08-16,69.9
2qb,davanteadams,2026-08-16,52.6
2qb,davidmontgomery,2026-08-16,74.5
2qb,deebosamuel,2026-08-16,111.9
2qb,denzelboston,2026-08-16,159.8
2qb,derrickhenry,2026-08-16,12.5
2qb,deshaunwatson,2026-08-16,132.0
2qb,devonachane,2026-08-16,23.7
2qb,devontasmith,2026-08-16,56.2
2qb,dezhaunstribling,2026-08-16,142.7
2qb,djmoore,2026-08-16,74.3
2qb,dkmetcalf,2026-08-16,82.0
2qb,dontayvionwicks,2026-08-16,145.6
2qb,drakelondon,2026-08-16,25.6
2qb,drakemaye,2026-08-16,6.0
2qb,eddypineiro,2026-08-16,149.5
2qb,emekaegbuka,2026-08-16,51.2
2qb,evanmcpherson,2026-08-16,160.5
2qb,fernandomendoza,2026-08-16,128.7
2qb,garrettwilson,2026-08-16,59.1
2qb,genosmith,2026-08-16,110.3
2qb,georgekittle,2026-08-16,126.1
2qb,georgepickens,2026-08-16,33.0
2qb,germiebernard,2026-08-16,167.2
2qb,haroldfannin,2026-08-16,108.5
2qb,harrisonbutker,2026-08-16,155.1
2qb,harrisonmevis,2026-08-16,143.7
2qb,hunterhenry,2026-08-16,147.0
2qb,isaacteslaa,2026-08-16,157.2
2qb,isaiahlikely,2026-08-16,142.7
2qb,isiahpacheco,2026-08-16,145.4
2qb,jacobybrissett,2026-08-16,107.0
2qb,jacorycroskeymerritt,2026-08-16,111.4
2qb,jadarianprice,2026-08-16,82.8
2qb,jahmyrgibbs,2026-08-16,2.0
2qb,jakebates,2026-08-16,146.2
2qb,jakeferguson,2026-08-16,147.8
2qb,jakobimeyers,2026-08-16,102.4
2qb,jalencoker,2026-08-16,137.8
2qb,jalenhurts,2026-08-16,16.1
2qb,jalenmcmillan,2026-08-16,151.0
2qb,jalennailor,2026-08-16,153.0
2qb,jamarrchase,2026-08-16,8.9
2qb,jamescook,2026-08-16,18.0
2qb,jamesonwilliams,2026-08-16,55.8
2qb,jaredgoff,2026-08-16,24.2
2qb,jasonmyers,2026-08-16,133.5
2qb,jauanjennings,2026-08-16,158.6
2qb,javontewilliams,2026-08-16,48.5
2qb,jaxonsmithnjigba,2026-08-16,11.8
2qb,jaxsondart,2026-08-16,26.7
2qb,jaydendaniels,2026-08-16,12.7
2qb,jaydenhiggins,2026-08-16,137.0
2qb,jaydenreed,2026-08-16,103.6
2qb,jaylenwaddle,2026-08-16,72.8
2qb,jaylenwarren,2026-08-16,98.4
2qb,jeremiyahlove,2026-08-16,48.5
2qb,jerryjeudy,2026-08-16,149.7
2qb,jkdobbins,2026-08-16,96.8
2qb,joeburrow,2026-08-16,7.6
2qb,johnmetchie,2026-08-16,144.7
2qb,jonahcoleman,2026-08-16,126.3
2qb,jonathantaylor,2026-08-16,6.2
2qb,jonathonbrooks,2026-08-16,134.1
2qb,jordanaddison,2026-08-16,100.2
2qb,jordanlove,2026-08-16,53.7
2qb,jordanmason,2026-08-16,123.8
2qb,jordyntyson,2026-08-16,102.1
2qb,joshallen,2026-08-16,1.5
2qb,joshdowns,2026-08-16,127.8
2qb,joshjacobs,2026-08-16,33.2
2qb,justinherbert,2026-08-16,24.1
2qb,justinjefferson,2026-08-16,30.3
2qb,kaimifairbairn,2026-08-16,137.8
2qb,kcconcepcion,2026-08-16,135.1
2qb,keatonmitchell,2026-08-16,155.2
2qb,kennethwalker,2026-08-16,42.3
2qb,kennygainwell,2026-08-16,132.9
2qb,kenyonsadiq,2026-08-16,125.5
2qb,khalilshakir,2026-08-16,135.0
2qb,kirkcousins,2026-08-16,139.1
2qb,kylemonangai,2026-08-16,112.5
2qb,kylepitts,2026-08-16,111.1
2qb,kylermurray,2026-08-16,56.0
2qb,kyrenwilliams,2026-08-16,43.0
2qb,laddmcconkey,2026-08-16,67.9
2qb,lamarjackson,2026-08-16,6.8
2qb,lutherburden,2026-08-16,76.8
2qb,makailemon,2026-08-16,114.3
2qb,maliknabers,2026-08-16,54.3
2qb,malikwashington,2026-08-16,165.0
2qb,malikwillis,2026-08-16,77.0
2qb,markandrews,2026-08-16,127.1
2qb,marvinharrison,2026-08-16,85.1
2qb,matthewgolden,2026-08-16,128.1
2qb,matthewstafford,2026-08-16,17.4
2qb,michaelpenix,2026-08-16,142.8
2qb,michaelpittman,2026-08-16,109.7
2qb,michaelwilson,2026-08-16,104.5
2qb,mikeevans,2026-08-16,77.9
2qb,nickfolk,2026-08-16,152.0
2qb,nicocollins,2026-08-16,37.8
2qb,omarcooper,2026-08-16,156.3
2qb,omarionhampton,2026-08-16,37.6
2qb,parkerwashington,2026-08-16,88.9
2qb,patrickmahomes,2026-08-16,20.2
2qb,pukanacua,2026-08-16,5.4
2qb,quentinjohnston,2026-08-16,96.3
2qb,quinshonjudkins,2026-08-16,65.5
2qb,rachaadwhite,2026-08-16,127.4
2qb,rasheerice,2026-08-16,36.7
2qb,rashidshaheed,2026-08-16,127.2
2qb,rashodbateman,2026-08-16,150.8
2qb,rhamondrestevenson,2026-08-16,92.3
2qb,rickypearsall,2026-08-16,118.2
2qb,ricodowdle,2026-08-16,91.2
2qb,rjharvey,2026-08-16,115.7
2qb,romeodoubs,2026-08-16,122.5
2qb,romeodunze,2026-08-16,61.2
2qb,ryanflournoy,2026-08-16,153.4
2qb,samdarnold,2026-08-16,53.1
2qb,samlaporta,2026-08-16,109.1
2qb,saquonbarkley,2026-08-16,26.5
2qb,shedeursanders,2026-08-16,135.8
2qb,stefondiggs,2026-08-16,119.6
2qb,tankbigsby,2026-08-16,170.1
2qb,tankdell,2026-08-16,160.6
2qb,teehiggins,2026-08-16,50.0
2qb,terrymclaurin,2026-08-16,63.3
2qb,tetairoamcmillan,2026-08-16,53.6
2qb,theowease,2026-08-16,143.6
2qb,tonypollard,2026-08-16,83.1
2qb,travisetienne,2026-08-16,60.2
2qb,travishunter,2026-08-16,153.5
2qb,traviskelce,2026-08-16,136.5
2qb,tretucker,2026-08-16,138.1
2qb,treveyonhenderson,2026-08-16,74.5
2qb,trevorlawrence,2026-08-16,17.4
2qb,treymcbride,2026-08-16,66.4
2qb,tuatagovailoa,2026-08-16,134.6
2qb,tuckerkraft,2026-08-16,101.5
2qb,tyjaespears,2026-08-16,143.5
2qb,tylerallgeier,2026-08-16,148.2
2qb,tylerbass,2026-08-16,155.1
2qb,tylerloop,2026-08-16,149.4
2qb,tylershough,2026-08-16,48.3
2qb,tylerwarren,2026-08-16,89.2
2qb,tyronetracy,2026-08-16,159.9
2qb,wandalerobinson,2026-08-16,123.7
2qb,willreichard,2026-08-16,153.3
2qb,willutz,2026-08-16,165.8
2qb,woodymarks,2026-08-16,154.7
2qb,xavierworthy,2026-08-16,107.1
2qb,zachcharbonnet,2026-08-16,137.9
2qb,zayflowers,2026-08-16,42.4
half-ppr,ATL,2026-08-16,182.7
half-ppr,BAL,2026-08-16,160.9
half-ppr,BUF,2026-08-16,158.3
half-ppr,CLE,2026-08-16,175.9
half-ppr,DEN,2026-08-16,87.6
half-ppr,DET,2026-08-16,131.1
half-ppr,HOU,2026-08-16,101.5
half-ppr,JAX,2026-08-16,151.5
half-ppr,LA,2026-08-16,116.0
half-ppr,LAC,2026-08-16,143.1
half-ppr,MIN,2026-08-16,117.7
half-ppr,NE,2026-08-16,125.3
half-ppr,NO,2026-08-16,175.3
half-ppr,PHI,2026-08-16,126.0
half-ppr,PIT,2026-08-16,145.0
half-ppr,SEA,2026-08-16,91.5
half-ppr,TEN,2026-08-16,168.5
half-ppr,aaronjones,2026-08-16,98.5
half-ppr,adonaimitchell,2026-08-16,161.2
half-ppr,ajbrown,2026-08-16,18.8
half-ppr,alecpierce,2026-08-16,55.0
half-ppr,alvinkamara,2026-08-16,148.0
half-ppr,amonrastbrown,2026-08-16,7.6
half-ppr,andyborregales,2026-08-16,179.6
half-ppr,ashtonjeanty,2026-08-16,15.6
half-ppr,bakermayfield,2026-08-16,133.4
half-ppr,bhayshultuten,2026-08-16,53.3
half-ppr,bijanrobinson,2026-08-16,2.1
half-ppr,blakecorum,2026-08-16,121.5
half-ppr,bonix,2026-08-16,117.2
half-ppr,braelonallen,2026-08-16,159.4
half-ppr,brandonaubrey,2026-08-16,128.8
half-ppr,breecehall,2026-08-16,28.5
half-ppr,brentonstrange,2026-08-16,159.3
half-ppr,brianrobinson,2026-08-16,170.6
half-ppr,brianthomas,2026-08-16,70.3
half-ppr,brockbowers,2026-08-16,42.5
half-ppr,brockpurdy,2026-08-16,85.7
half-ppr,bryceyoung,2026-08-16,156.0
half-ppr,buckyirving,2026-08-16,48.1
half-ppr,cairosantos,2026-08-16,164.3
half-ppr,calebwilliams,2026-08-16,92.2
half-ppr,calvinridley,2026-08-16,136.7
half-ppr,camerondicker,2026-08-16,142.2
half-ppr,camlittle,2026-08-16,157.6
half-ppr,camskattebo,2026-08-16,34.9
half-ppr,carnelltate,2026-08-16,74.0
half-ppr,ceedeelamb,2026-08-16,12.6
half-ppr,chasebrown,2026-08-16,14.9
half-ppr,chasemclaughlin,2026-08-16,149.5
half-ppr,chigokonkwo,2026-08-16,167.6
half-ppr,chrisboswell,2026-08-16,169.9
half-ppr,chrisgodwin,2026-08-16,81.0
half-ppr,chrisolave,2026-08-16,24.1
half-ppr,chrisrodriguez,2026-08-16,154.6
half-ppr,christianmccaffrey,2026-08-16,6.7
half-ppr,christianwatson,2026-08-16,58.5
half-ppr,chubahubbard,2026-08-16,73.0
half-ppr,cjstroud,2026-08-16,165.4
half-ppr,colstonloveland,2026-08-16,60.2
half-ppr,cooperkupp,2026-08-16,150.4
half-ppr,courtlandsutton,2026-08-16,61.0
half-ppr,dakprescott,2026-08-16,66.1
half-ppr,dallasgoedert,2026-08-16,112.8
half-ppr,daltonkincaid,2026-08-16,143.9
half-ppr,dandreswift,2026-08-16,43.3
half-ppr,danieljones,2026-08-16,164.8
half-ppr,davanteadams,2026-08-16,37.4
half-ppr,davidmontgomery,2026-08-16,57.6
half-ppr,deebosamuel,2026-08-16,103.1
half-ppr,denzelboston,2026-08-16,142.4
half-ppr,derrickhenry,2026-08-16,10.5
half-ppr,devonachane,2026-08-16,11.4
half-ppr,devontasmith,2026-08-16,31.2
half-ppr,dezhaunstribling,2026-08-16,144.4
half-ppr,djmoore,2026-08-16,50.0
half-ppr,dkmetcalf,2026-08-16,63.0
half-ppr,drakelondon,2026-08-16,11.3
half-ppr,drakemaye,2026-08-16,50.3
half-ppr,dylansampson,2026-08-16,178.3
half-ppr,eddypineiro,2026-08-16,165.8
half-ppr,emekaegbuka,2026-08-16,36.7
half-ppr,evanmcpherson,2026-08-16,175.0
half-ppr,garrettwilson,2026-08-16,30.8
half-ppr,georgekittle,2026-08-16,115.5
half-ppr,georgepickens,2026-08-16,19.3
half-ppr,haroldfannin,2026-08-16,81.1
half-ppr,harrisonbutker,2026-08-16,171.2
half-ppr,harrisonmevis,2026-08-16,141.5
half-ppr,hunterhenry,2026-08-16,144.5
half-ppr,isaacteslaa,2026-08-16,169.1
half-ppr,isaiahlikely,2026-08-16,137.4
half-ppr,isiahpacheco,2026-08-16,147.6
half-ppr,jacorycroskeymerritt,2026-08-16,109.5
half-ppr,jadarianprice,2026-08-16,76.6
half-ppr,jahmyrgibbs,2026-08-16,1.5
half-ppr,jakebates,2026-08-16,154.5
half-ppr,jakeferguson,2026-08-16,147.2
half-ppr,jakobilane,2026-08-16,162.6
half-ppr,jakobimeyers,2026-08-16,87.4
half-ppr,jalencoker,2026-08-16,114.5
half-ppr,jalenhurts,2026-08-16,76.8
half-ppr,jalenmcmillan,2026-08-16,134.0
half-ppr,jalennailor,2026-08-16,140.7
half-ppr,jamarrchase,2026-08-16,4.1
half-ppr,jamescook,2026-08-16,9.7
half-ppr,jamesonwilliams,2026-08-16,39.4
half-ppr,jaredgoff,2026-08-16,105.6
half-ppr,jasonmyers,2026-08-16,140.6
half-ppr,jauanjennings,2026-08-16,140.4
half-ppr,javontewilliams,2026-08-16,35.1
half-ppr,jaxonsmithnjigba,2026-08-16,5.4
half-ppr,jaxsondart,2026-08-16,115.0
half-ppr,jaydendaniels,2026-08-16,72.2
half-ppr,jaydenhiggins,2026-08-16,120.9
half-ppr,jaydenreed,2026-08-16,89.4
half-ppr,jaylenwaddle,2026-08-16,46.9
half-ppr,jaylenwarren,2026-08-16,68.0
half-ppr,jeremiyahlove,2026-08-16,32.1
half-ppr,jerryjeudy,2026-08-16,133.6
half-ppr,jkdobbins,2026-08-16,89.8
half-ppr,joeburrow,2026-08-16,55.1
half-ppr,jonahcoleman,2026-08-16,152.1
half-ppr,jonathantaylor,2026-08-16,5.9
half-ppr,jonathonbrooks,2026-08-16,110.6
half-ppr,jordanaddison,2026-08-16,90.6
half-ppr,jordanjames,2026-08-16,165.9
half-ppr,jordanlove,2026-08-16,148.7
half-ppr,jordanmason,2026-08-16,113.8
half-ppr,jordyntyson,2026-08-16,91.8
half-ppr,joshallen,2026-08-16,29.5
half-ppr,joshdowns,2026-08-16,87.1
half-ppr,joshjacobs,2026-08-16,25.8
half-ppr,justinherbert,2026-08-16,106.2
half-ppr,justinjefferson,2026-08-16,14.4
half-ppr,juwanjohnson,2026-08-16,168.4
half-ppr,kaelonblack,2026-08-16,160.7
half-ppr,kaimifairbairn,2026-08-16,135.9
half-ppr,kayshonboutte,2026-08-16,166.2
half-ppr,kcconcepcion,2026-08-16,124.6
half-ppr,keatonmitchell,2026-08-16,150.4
half-ppr,kennethwalker,2026-08-16,23.5
half-ppr,kennygainwell,2026-08-16,101.1
half-ppr,kenyonsadiq,2026-08-16,169.6
half-ppr,khalilshakir,2026-08-16,103.7
half-ppr,kylemonangai,2026-08-16,110.7
half-ppr,kylepitts,2026-08-16,82.1
half-ppr,kylermurray,2026-08-16,141.8
half-ppr,kyrenwilliams,2026-08-16,28.5
half-ppr,laddmcconkey,2026-08-16,41.8
half-ppr,lamarjackson,2026-08-16,55.1
half-ppr,lutherburden,2026-08-16,58.3
half-ppr,makailemon,2026-08-16,105.1
half-ppr,maliknabers,2026-08-16,27.9
half-ppr,malikwashington,2026-08-16,149.4
half-ppr,malikwillis,2026-08-16,164.1
half-ppr,markandrews,2026-08-16,133.6
half-ppr,marshawnlloyd,2026-08-16,168.9
half-ppr,marvinharrison,2026-08-16,62.6
half-ppr,matthewgolden,2026-08-16,111.0
half-ppr,matthewstafford,2026-08-16,75.6
half-ppr,michaelpittman,2026-08-16,81.1
half-ppr,michaelwilson,2026-08-16,76.8
half-ppr,mikeevans,2026-08-16,53.4
half-ppr,mikewashington,2026-08-16,165.1
half-ppr,nicocollins,2026-08-16,21.9
half-ppr,omarcooper,2026-08-16,163.3
half-ppr,omarionhampton,2026-08-16,22.1
half-ppr,parkerwashington,2026-08-16,65.6
half-ppr,patbryant,2026-08-16,168.3
half-ppr,patrickmahomes,2026-08-16,99.3
half-ppr,pukanacua,2026-08-16,2.9
half-ppr,quentinjohnston,2026-08-16,84.2
half-ppr,quinshonjudkins,2026-08-16,52.0
half-ppr,rachaadwhite,2026-08-16,110.5
half-ppr,rasheerice,2026-08-16,15.6
half-ppr,rashidshaheed,2026-08-16,121.3
half-ppr,rashodbateman,2026-08-16,130.1
half-ppr,rhamondrestevenson,2026-08-16,70.5
half-ppr,rickypearsall,2026-08-16,111.2
half-ppr,ricodowdle,2026-08-16,77.3
half-ppr,rjharvey,2026-08-16,87.0
half-ppr,romeodoubs,2026-08-16,108.2
half-ppr,romeodunze,2026-08-16,45.5
half-ppr,ryanflournoy,2026-08-16,162.8
half-ppr,samdarnold,2026-08-16,146.0
half-ppr,samlaporta,2026-08-16,89.0
half-ppr,saquonbarkley,2026-08-16,18.1
half-ppr,stefondiggs,2026-08-16,98.1
half-ppr,tankbigsby,2026-08-16,166.7
half-ppr,tankdell,2026-08-16,159.0
half-ppr,teehiggins,2026-08-16,35.3
half-ppr,terrymclaurin,2026-08-16,43.9
half-ppr,tetairoamcmillan,2026-08-16,35.0
half-ppr,theowease,2026-08-16,138.7
half-ppr,tjhockenson,2026-08-16,165.0
half-ppr,tonypollard,2026-08-16,66.4
half-ppr,travisetienne,2026-08-16,42.7
half-ppr,travishunter,2026-08-16,158.8
half-ppr,traviskelce,2026-08-16,122.3
half-ppr,tretucker,2026-08-16,135.8
half-ppr,treveyonhenderson,2026-08-16,58.5
half-ppr,trevorlawrence,2026-08-16,93.6
half-ppr,treymcbride,2026-08-16,40.5
half-ppr,tuckerkraft,2026-08-16,94.2
half-ppr,tyjaespears,2026-08-16,146.2
half-ppr,tylerallgeier,2026-08-16,159.4
half-ppr,tylerloop,2026-08-16,151.2
half-ppr,tylershough,2026-08-16,135.0
half-ppr,tylerwarren,2026-08-16,69.9
half-ppr,tyronetracy,2026-08-16,151.6
half-ppr,wandalerobinson,2026-08-16,90.8
half-ppr,willreichard,2026-08-16,154.3
half-ppr,willutz,2026-08-16,166.2
half-ppr,woodymarks,2026-08-16,146.2
half-ppr,xavierworthy,2026-08-16,100.9
half-ppr,zachcharbonnet,2026-08-16,133.2
half-ppr,zayflowers,2026-08-16,24.5
ppr,ATL,2026-08-16,166.9
ppr,BAL,2026-08-16,161.5
ppr,BUF,2026-08-16,160.3
ppr,CHI,2026-08-16,170.6
ppr,CIN,2026-08-16,178.2
ppr,CLE,2026-08-16,168.9
ppr,DAL,2026-08-16,168.8
ppr,DEN,2026-08-16,90.6
ppr,DET,2026-08-16,131.6
ppr,GB,2026-08-16,160.4
ppr,HOU,2026-08-16,102.3
ppr,JAX,2026-08-16,154.3
ppr,KC,2026-08-16,177.8
ppr,LA,2026-08-16,122.5
ppr,LAC,2026-08-16,144.9
ppr,MIA,2026-08-16,180.0
ppr,MIN,2026-08-16,115.8
ppr,NE,2026-08-16,129.4
ppr,NO,2026-08-16,171.4
ppr,NYG,2026-08-16,171.9
ppr,NYJ,2026-08-16,155.9
ppr,PHI,2026-08-16,129.9
ppr,PIT,2026-08-16,143.8
ppr,SEA,2026-08-16,94.5
ppr,SF,2026-08-16,145.7
ppr,TEN,2026-08-16,160.6
ppr,WAS,2026-08-16,187.0
ppr,aaronjones,2026-08-16,97.5
ppr,aaronrodgers,2026-08-16,167.3
ppr,adonaimitchell,2026-08-16,160.5
ppr,ajbarner,2026-08-16,162.4
ppr,ajbrown,2026-08-16,17.2
ppr,alecpierce,2026-08-16,58.0
ppr,alvinkamara,2026-08-16,142.2
ppr,amonrastbrown,2026-08-16,6.7
ppr,antoniowilliams,2026-08-16,164.9
ppr,ashtonjeanty,2026-08-16,14.6
ppr,bakermayfield,2026-08-16,129.4
ppr,bhayshultuten,2026-08-16,54.2
ppr,bijanrobinson,2026-08-16,1.7
ppr,blakecorum,2026-08-16,123.4
ppr,blakegrupe,2026-08-16,173.5
ppr,bonix,2026-08-16,118.9
ppr,braelonallen,2026-08-16,155.7
ppr,brandonaubrey,2026-08-16,130.4
ppr,breecehall,2026-08-16,28.3
ppr,brentonstrange,2026-08-16,163.5
ppr,brianrobinson,2026-08-16,164.8
ppr,brianthomas,2026-08-16,75.1
ppr,brockbowers,2026-08-16,38.8
ppr,brockpurdy,2026-08-16,85.5
ppr,bryceyoung,2026-08-16,170.7
ppr,buckyirving,2026-08-16,45.0
ppr,cairosantos,2026-08-16,160.3
ppr,calebdouglas,2026-08-16,184.5
ppr,calebwilliams,2026-08-16,98.5
ppr,calvinridley,2026-08-16,135.9
ppr,camerondicker,2026-08-16,144.7
ppr,camlittle,2026-08-16,158.1
ppr,camskattebo,2026-08-16,33.4
ppr,camward,2026-08-16,171.8
ppr,carnelltate,2026-08-16,75.1
ppr,ceedeelamb,2026-08-16,10.9
ppr,chasebrown,2026-08-16,13.3
ppr,chasemclaughlin,2026-08-16,156.5
ppr,chigokonkwo,2026-08-16,163.3
ppr,chimeredike,2026-08-16,145.7
ppr,chrisboswell,2026-08-16,158.1
ppr,chrisgodwin,2026-08-16,85.8
ppr,chrisolave,2026-08-16,21.8
ppr,chrisrodriguez,2026-08-16,161.8
ppr,christiankirk,2026-08-16,175.7
ppr,christianmccaffrey,2026-08-16,6.3
ppr,christianwatson,2026-08-16,65.6
ppr,chubahubbard,2026-08-16,74.6
ppr,cjstroud,2026-08-16,160.8
ppr,colstonloveland,2026-08-16,58.3
ppr,cooperkupp,2026-08-16,157.7
ppr,courtlandsutton,2026-08-16,60.5
ppr,cyrusallen,2026-08-16,158.8
ppr,dakprescott,2026-08-16,65.8
ppr,dallasgoedert,2026-08-16,115.7
ppr,daltonkincaid,2026-08-16,152.5
ppr,daltonschultz,2026-08-16,155.5
ppr,dandreswift,2026-08-16,45.7
ppr,danieljones,2026-08-16,152.4
ppr,dariusslayton,2026-08-16,170.1
ppr,darnellmooney,2026-08-16,190.3
ppr,davanteadams,2026-08-16,41.0
ppr,davidmontgomery,2026-08-16,62.7
ppr,deebosamuel,2026-08-16,106.0
ppr,denzelboston,2026-08-16,148.0
ppr,derrickhenry,2026-08-16,16.9
ppr,devonachane,2026-08-16,10.3
ppr,devontasmith,2026-08-16,28.6
ppr,dezhaunstribling,2026-08-16,152.5
ppr,djmoore,2026-08-16,51.4
ppr,dkmetcalf,2026-08-16,65.0
ppr,dontayvionwicks,2026-08-16,173.8
ppr,drakelondon,2026-08-16,10.2
ppr,drakemaye,2026-08-16,50.0
ppr,dylansampson,2026-08-16,162.4
ppr,eddypineiro,2026-08-16,159.1
ppr,emaridemercado,2026-08-16,168.2
ppr,emekaegbuka,2026-08-16,37.1
ppr,evanmcpherson,2026-08-16,171.3
ppr,fernandomendoza,2026-08-16,167.4
ppr,garrettwilson,2026-08-16,28.1
ppr,georgekittle,2026-08-16,113.9
ppr,georgepickens,2026-08-16,20.2
ppr,germiebernard,2026-08-16,172.4
ppr,gregdulcich,2026-08-16,167.9
ppr,haroldfannin,2026-08-16,79.5
ppr,harrisonbutker,2026-08-16,161.4
ppr,harrisonmevis,2026-08-16,151.7
ppr,hunterhenry,2026-08-16,158.5
ppr,isaacteslaa,2026-08-16,177.9
ppr,isaiahlikely,2026-08-16,134.4
ppr,isiahpacheco,2026-08-16,152.5
ppr,jacobybrissett,2026-08-16,166.0
ppr,jacorycroskeymerritt,2026-08-16,113.6
ppr,jadarianprice,2026-08-16,78.0
ppr,jahmyrgibbs,2026-08-16,1.8
ppr,jakebates,2026-08-16,149.6
ppr,jakeferguson,2026-08-16,135.9
ppr,jakobilane,2026-08-16,160.9
ppr,jakobimeyers,2026-08-16,82.3
ppr,jalencoker,2026-08-16,124.3
ppr,jalenhurts,2026-08-16,78.0
ppr,jalenmcmillan,2026-08-16,145.0
ppr,jalennailor,2026-08-16,155.3
ppr,jalentolbert,2026-08-16,168.7
ppr,jamarrchase,2026-08-16,3.9
ppr,jamesconner,2026-08-16,173.2
ppr,jamescook,2026-08-16,13.3
ppr,jamesonwilliams,2026-08-16,44.4
ppr,jaredgoff,2026-08-16,107.1
ppr,jasonmyers,2026-08-16,139.2
ppr,jauanjennings,2026-08-16,144.8
ppr,javontewilliams,2026-08-16,37.2
ppr,jaxonsmithnjigba,2026-08-16,5.4
ppr,jaxsondart,2026-08-16,107.9
ppr,jaydendaniels,2026-08-16,71.5
ppr,jaydenhiggins,2026-08-16,130.7
ppr,jaydenreed,2026-08-16,94.6
ppr,jaydonblue,2026-08-16,165.9
ppr,jaylenwaddle,2026-08-16,46.2
ppr,jaylenwarren,2026-08-16,66.1
ppr,jeremiyahlove,2026-08-16,29.0
ppr,jerryjeudy,2026-08-16,133.9
ppr,jkdobbins,2026-08-16,96.6
ppr,joeburrow,2026-08-16,56.1
ppr,johnmetchie,2026-08-16,122.0
ppr,jonahcoleman,2026-08-16,148.2
ppr,jonathantaylor,2026-08-16,7.4
ppr,jonathonbrooks,2026-08-16,108.9
ppr,jordanaddison,2026-08-16,101.4
ppr,jordanjames,2026-08-16,163.1
ppr,jordanlove,2026-08-16,144.8
ppr,jordanmason,2026-08-16,123.4
ppr,jordyntyson,2026-08-16,92.4
ppr,joshallen,2026-08-16,29.2
ppr,joshdowns,2026-08-16,85.8
ppr,joshjacobs,2026-08-16,28.8
ppr,justicehill,2026-08-16,165.1
ppr,justinherbert,2026-08-16,104.9
ppr,justinjefferson,2026-08-16,13.5
ppr,juwanjohnson,2026-08-16,158.8
ppr,kaelonblack,2026-08-16,150.8
ppr,kaimifairbairn,2026-08-16,141.6
ppr,kayshonboutte,2026-08-16,173.0
ppr,kcconcepcion,2026-08-16,127.9
ppr,keatonmitchell,2026-08-16,160.3
ppr,kennethwalker,2026-08-16,24.8
ppr,kennygainwell,2026-08-16,88.6
ppr,kenyonsadiq,2026-08-16,167.3
ppr,khalilshakir,2026-08-16,100.5
ppr,kimanividal,2026-08-16,155.5
ppr,kylemonangai,2026-08-16,109.5
ppr,kylepitts,2026-08-16,77.7
ppr,kylermurray,2026-08-16,140.8
ppr,kyrenwilliams,2026-08-16,32.8
ppr,laddmcconkey,2026-08-16,41.2
ppr,lamarjackson,2026-08-16,55.1
ppr,lutherburden,2026-08-16,57.1
ppr,makailemon,2026-08-16,110.4
ppr,maliknabers,2026-08-16,29.0
ppr,malikwashington,2026-08-16,154.1
ppr,malikwillis,2026-08-16,162.7
ppr,markandrews,2026-08-16,137.8
ppr,marshawnlloyd,2026-08-16,156.6
ppr,marvinharrison,2026-08-16,64.6
ppr,matthewgolden,2026-08-16,118.9
ppr,matthewstafford,2026-08-16,82.2
ppr,michaelpittman,2026-08-16,73.2
ppr,michaelwilson,2026-08-16,82.7
ppr,mikeevans,2026-08-16,55.8
ppr,mikewashington,2026-08-16,147.8
ppr,nickfolk,2026-08-16,155.6
ppr,nicocollins,2026-08-16,22.6
ppr,omarcooper,2026-08-16,162.2
ppr,omarionhampton,2026-08-16,20.3
ppr,orondegadsden,2026-08-16,149.8
ppr,parkerwashington,2026-08-16,67.7
ppr,patbryant,2026-08-16,147.1
ppr,patfreiermuth,2026-08-16,178.2
ppr,patrickmahomes,2026-08-16,99.1
ppr,pukanacua,2026-08-16,3.1
ppr,quentinjohnston,2026-08-16,93.5
ppr,quinshonjudkins,2026-08-16,51.2
ppr,rachaadwhite,2026-08-16,104.3
ppr,rasheerice,2026-08-16,13.9
ppr,rashidshaheed,2026-08-16,126.9
ppr,rashodbateman,2026-08-16,147.9
ppr,raydavis,2026-08-16,160.0
ppr,rhamondrestevenson,2026-08-16,71.7
ppr,rickypearsall,2026-08-16,112.2
ppr,ricodowdle,2026-08-16,72.3
ppr,rjharvey,2026-08-16,83.6
ppr,romeodoubs,2026-08-16,112.6
ppr,romeodunze,2026-08-16,49.1
ppr,ryanflournoy,2026-08-16,169.6
ppr,samajeperine,2026-08-16,173.7
ppr,samdarnold,2026-08-16,143.6
ppr,samlaporta,2026-08-16,87.4
ppr,saquonbarkley,2026-08-16,20.1
ppr,stefondiggs,2026-08-16,93.3
ppr,tankbigsby,2026-08-16,164.8
ppr,tankdell,2026-08-16,151.3
ppr,teehiggins,2026-08-16,36.7
ppr,terrymclaurin,2026-08-16,45.1
ppr,tetairoamcmillan,2026-08-16,33.7
ppr,theowease,2026-08-16,139.7
ppr,tjhockenson,2026-08-16,165.7
ppr,tonypollard,2026-08-16,67.1
ppr,travisetienne,2026-08-16,41.2
ppr,travishunter,2026-08-16,160.8
ppr,traviskelce,2026-08-16,108.4
ppr,treharris,2026-08-16,162.0
ppr,tretucker,2026-08-16,133.0
ppr,treveyonhenderson,2026-08-16,58.7
ppr,trevorlawrence,2026-08-16,91.3
ppr,treymcbride,2026-08-16,32.7
ppr,treysmack,2026-08-16,163.8
ppr,tuckerkraft,2026-08-16,103.5
ppr,tyjaespears,2026-08-16,132.2
ppr,tyjohnson,2026-08-16,162.8
ppr,tylerallgeier,2026-08-16,165.7
ppr,tylerbass,2026-08-16,167.8
ppr,tylerloop,2026-08-16,158.9
ppr,tylershough,2026-08-16,136.9
ppr,tylerwarren,2026-08-16,64.9
ppr,tyronetracy,2026-08-16,152.7
ppr,wandalerobinson,2026-08-16,79.5
ppr,willreichard,2026-08-16,156.5
ppr,willutz,2026-08-16,165.0
ppr,woodymarks,2026-08-16,150.7
ppr,xavierworthy,2026-08-16,106.5
ppr,zachariahbranch,2026-08-16,172.0
ppr,zachcharbonnet,2026-08-16,140.2
ppr,zayflowers,2026-08-16,25.2
standard,BAL,2026-08-16,162.3
standard,BUF,2026-08-16,162.3
standard,CLE,2026-08-16,160.1
standard,DEN,2026-08-16,88.0
standard,DET,2026-08-16,121.3
standard,HOU,2026-08-16,105.3
standard,JAX,2026-08-16,151.9
standard,KC,2026-08-16,143.5
standard,LA,2026-08-16,125.8
standard,LAC,2026-08-16,143.3
standard,MIN,2026-08-16,119.8
standard,NE,2026-08-16,128.2
standard,NYG,2026-08-16,172.4
standard,PHI,2026-08-16,129.5
standard,PIT,2026-08-16,142.0
standard,SEA,2026-08-16,91.9
standard,TEN,2026-08-16,161.3
standard,aaronjones,2026-08-16,100.6
standard,adonaimitchell,2026-08-16,159.6
standard,ajbrown,2026-08-16,19.4
standard,alecpierce,2026-08-16,46.0
standard,alvinkamara,2026-08-16,150.1
standard,amonrastbrown,2026-08-16,8.6
standard,antoniowilliams,2026-08-16,153.2
standard,ashtonjeanty,2026-08-16,16.5
standard,bakermayfield,2026-08-16,136.5
standard,bhayshultuten,2026-08-16,51.2
standard,bijanrobinson,2026-08-16,2.2
standard,blakecorum,2026-08-16,107.6
standard,bonix,2026-08-16,121.9
standard,brandonaubrey,2026-08-16,129.3
standard,breecehall,2026-08-16,27.4
standard,brentonstrange,2026-08-16,158.7
standard,brianrobinson,2026-08-16,121.2
standard,brianthomas,2026-08-16,67.3
standard,brockbowers,2026-08-16,52.2
standard,brockpurdy,2026-08-16,82.0
standard,buckyirving,2026-08-16,46.6
standard,cairosantos,2026-08-16,165.0
standard,calebwilliams,2026-08-16,98.1
standard,calvinridley,2026-08-16,122.1
standard,camerondicker,2026-08-16,147.8
standard,camlittle,2026-08-16,151.2
standard,camskattebo,2026-08-16,34.5
standard,carnelltate,2026-08-16,72.3
standard,ceedeelamb,2026-08-16,13.7
standard,chasebrown,2026-08-16,18.9
standard,chasemclaughlin,2026-08-16,152.6
standard,chrisboswell,2026-08-16,169.9
standard,chrisgodwin,2026-08-16,83.9
standard,chrisolave,2026-08-16,27.2
standard,chrisrodriguez,2026-08-16,138.9
standard,christianmccaffrey,2026-08-16,6.3
standard,christianwatson,2026-08-16,54.6
standard,chubahubbard,2026-08-16,78.2
standard,cjstroud,2026-08-16,157.1
standard,colstonloveland,2026-08-16,70.3
standard,cooperkupp,2026-08-16,153.4
standard,courtlandsutton,2026-08-16,56.4
standard,dakprescott,2026-08-16,63.4
standard,dallasgoedert,2026-08-16,110.7
standard,daltonkincaid,2026-08-16,142.3
standard,dandreswift,2026-08-16,42.7
standard,danieljones,2026-08-16,151.2
standard,davanteadams,2026-08-16,34.0
standard,davidmontgomery,2026-08-16,57.3
standard,deebosamuel,2026-08-16,93.4
standard,denzelboston,2026-08-16,145.6
standard,derrickhenry,2026-08-16,7.5
standard,devonachane,2026-08-16,11.1
standard,devontasmith,2026-08-16,38.7
standard,dezhaunstribling,2026-08-16,148.1
standard,djmoore,2026-08-16,50.7
standard,dkmetcalf,2026-08-16,59.8
standard,drakelondon,2026-08-16,11.9
standard,drakemaye,2026-08-16,48.1
standard,eddypineiro,2026-08-16,165.2
standard,emekaegbuka,2026-08-16,35.7
standard,evanmcpherson,2026-08-16,172.6
standard,garrettwilson,2026-08-16,41.6
standard,georgekittle,2026-08-16,118.8
standard,georgepickens,2026-08-16,16.8
standard,germiebernard,2026-08-16,163.0
standard,haroldfannin,2026-08-16,100.9
standard,harrisonbutker,2026-08-16,165.7
standard,harrisonmevis,2026-08-16,134.3
standard,hunterhenry,2026-08-16,153.1
standard,isaiahlikely,2026-08-16,134.6
standard,isiahpacheco,2026-08-16,154.1
standard,jacorycroskeymerritt,2026-08-16,93.0
standard,jadarianprice,2026-08-16,69.0
standard,jahmyrgibbs,2026-08-16,1.6
standard,jakebates,2026-08-16,147.2
standard,jakeferguson,2026-08-16,151.6
standard,jakobilane,2026-08-16,157.8
standard,jakobimeyers,2026-08-16,85.9
standard,jalencoker,2026-08-16,120.8
standard,jalenhurts,2026-08-16,72.8
standard,jalenmcmillan,2026-08-16,139.5
standard,jalennailor,2026-08-16,140.9
standard,jamarrchase,2026-08-16,4.8
standard,jamescook,2026-08-16,9.0
standard,jamesonwilliams,2026-08-16,37.6
standard,jaredgoff,2026-08-16,107.5
standard,jasonmyers,2026-08-16,135.6
standard,jauanjennings,2026-08-16,142.7
standard,javontewilliams,2026-08-16,29.4
standard,jaxonsmithnjigba,2026-08-16,6.2
standard,jaxsondart,2026-08-16,113.7
standard,jaydendaniels,2026-08-16,69.7
standard,jaydenhiggins,2026-08-16,119.8
standard,jaydenreed,2026-08-16,84.9
standard,jaydonblue,2026-08-16,161.4
standard,jaylenwaddle,2026-08-16,52.6
standard,jaylenwarren,2026-08-16,71.9
standard,jeremiyahlove,2026-08-16,33.5
standard,jerryjeudy,2026-08-16,133.6
standard,jkdobbins,2026-08-16,78.7
standard,joeburrow,2026-08-16,54.3
standard,johnmetchie,2026-08-16,134.7
standard,jonahcoleman,2026-08-16,163.5
standard,jonathantaylor,2026-08-16,4.0
standard,jonathonbrooks,2026-08-16,115.0
standard,jordanaddison,2026-08-16,80.9
standard,jordanlove,2026-08-16,158.5
standard,jordanmason,2026-08-16,109.2
standard,jordyntyson,2026-08-16,88.6
standard,joshallen,2026-08-16,20.6
standard,joshdowns,2026-08-16,99.6
standard,joshjacobs,2026-08-16,20.2
standard,justinherbert,2026-08-16,104.6
standard,justinjefferson,2026-08-16,17.4
standard,kaimifairbairn,2026-08-16,141.0
standard,kayshonboutte,2026-08-16,159.5
standard,kcconcepcion,2026-08-16,124.2
standard,keatonmitchell,2026-08-16,148.2
standard,kennethwalker,2026-08-16,25.4
standard,kennygainwell,2026-08-16,123.0
standard,kenyonsadiq,2026-08-16,160.2
standard,khalilshakir,2026-08-16,111.3
standard,kylemonangai,2026-08-16,102.9
standard,kylepitts,2026-08-16,108.7
standard,kylermurray,2026-08-16,152.1
standard,kyrenwilliams,2026-08-16,24.2
standard,laddmcconkey,2026-08-16,46.2
standard,lamarjackson,2026-08-16,51.2
standard,lutherburden,2026-08-16,58.4
standard,makailemon,2026-08-16,98.9
standard,maliknabers,2026-08-16,30.8
standard,malikwashington,2026-08-16,155.6
standard,malikwillis,2026-08-16,154.1
standard,markandrews,2026-08-16,126.3
standard,marvinharrison,2026-08-16,63.2
standard,matthewgolden,2026-08-16,105.3
standard,matthewstafford,2026-08-16,74.3
standard,michaelpittman,2026-08-16,92.5
standard,michaelwilson,2026-08-16,80.7
standard,mikeevans,2026-08-16,53.8
standard,nickfolk,2026-08-16,156.6
standard,nicocollins,2026-08-16,21.5
standard,omarcooper,2026-08-16,162.8
standard,omarionhampton,2026-08-16,22.8
standard,parkerwashington,2026-08-16,64.9
standard,patrickmahomes,2026-08-16,97.6
standard,pukanacua,2026-08-16,3.6
standard,quentinjohnston,2026-08-16,74.2
standard,quinshonjudkins,2026-08-16,48.6
standard,rachaadwhite,2026-08-16,117.7
standard,rasheerice,2026-08-16,18.5
standard,rashidshaheed,2026-08-16,103.8
standard,rashodbateman,2026-08-16,129.8
standard,rhamondrestevenson,2026-08-16,67.7
standard,rickypearsall,2026-08-16,102.5
standard,ricodowdle,2026-08-16,72.9
standard,rjharvey,2026-08-16,93.0
standard,romeodoubs,2026-08-16,99.7
standard,romeodunze,2026-08-16,40.9
standard,ryanflournoy,2026-08-16,153.4
standard,samdarnold,2026-08-16,153.9
standard,samlaporta,2026-08-16,102.0
standard,saquonbarkley,2026-08-16,14.5
standard,stefondiggs,2026-08-16,100.1
standard,tankbigsby,2026-08-16,150.4
standard,tankdell,2026-08-16,150.2
standard,teehiggins,2026-08-16,32.5
standard,terrymclaurin,2026-08-16,44.4
standard,tetairoamcmillan,2026-08-16,36.4
standard,theowease,2026-08-16,135.8
standard,tonypollard,2026-08-16,64.9
standard,travisetienne,2026-08-16,41.4
standard,travishunter,2026-08-16,161.8
standard,traviskelce,2026-08-16,133.3
standard,tretucker,2026-08-16,127.5
standard,treveyonhenderson,2026-08-16,56.9
standard,trevorlawrence,2026-08-16,90.9
standard,treymcbride,2026-08-16,52.7
standard,tuckerkraft,2026-08-16,87.5
standard,tyjaespears,2026-08-16,161.7
standard,tylerallgeier,2026-08-16,155.3
standard,tylerloop,2026-08-16,159.3
standard,tylershough,2026-08-16,141.4
standard,tylerwarren,2026-08-16,77.5
standard,tyronetracy,2026-08-16,147.8
standard,wandalerobinson,2026-08-16,103.0
standard,willreichard,2026-08-16,164.9
standard,willutz,2026-08-16,167.6
standard,woodymarks,2026-08-16,144.2
standard,xavierworthy,2026-08-16,88.0
standard,zachcharbonnet,2026-08-16,137.5
standard,zayflowers,2026-08-16,23.7
2qb,ATL,2026-08-17,150.7
2qb,BAL,2026-08-17,152.5
2qb,BUF,2026-08-17,158.7
2qb,DEN,2026-08-17,109.3
2qb,DET,2026-08-17,137.6
2qb,HOU,2026-08-17,120.3
2qb,JAX,2026-08-17,148.1
2qb,LA,2026-08-17,131.4
2qb,LAC,2026-08-17,145.3
2qb,MIN,2026-08-17,133.4
2qb,NE,2026-08-17,138.5
2qb,PHI,2026-08-17,139.5
2qb,PIT,2026-08-17,142.5
2qb,SEA,2026-08-17,114.4
2qb,TEN,2026-08-17,151.6
2qb,aaronjones,2026-08-17,118.8
2qb,aaronrodgers,2026-08-17,112.1
2qb,adonaimitchell,2026-08-17,166.9
2qb,ajbarner,2026-08-17,134.8
2qb,ajbrown,2026-08-17,34.4
2qb,alecpierce,2026-08-17,69.0
2qb,alvinkamara,2026-08-17,153.4
2qb,amonrastbrown,2026-08-17,16.6
2qb,antoniowilliams,2026-08-17,160.0
2qb,ashtonjeanty,2026-08-17,29.2
2qb,bakermayfield,2026-08-17,38.8
2qb,bhayshultuten,2026-08-17,67.2
2qb,bijanrobinson,2026-08-17,2.6
2qb,blakecorum,2026-08-17,123.1
2qb,blakegrupe,2026-08-17,156.3
2qb,bonix,2026-08-17,31.1
2qb,brandonaiyuk,2026-08-17,152.9
2qb,brandonaubrey,2026-08-17,128.7
2qb,breecehall,2026-08-17,46.5
2qb,brentonstrange,2026-08-17,140.5
2qb,brianrobinson,2026-08-17,143.6
2qb,brianthomas,2026-08-17,89.7
2qb,brockbowers,2026-08-17,62.4
2qb,brockpurdy,2026-08-17,17.7
2qb,bryceyoung,2026-08-17,88.8
2qb,buckyirving,2026-08-17,65.0
2qb,cairosantos,2026-08-17,151.6
2qb,calebwilliams,2026-08-17,22.6
2qb,calvinridley,2026-08-17,137.0
2qb,camerondicker,2026-08-17,139.9
2qb,camlittle,2026-08-17,150.2
2qb,camskattebo,2026-08-17,52.5
2qb,camward,2026-08-17,95.9
2qb,carnelltate,2026-08-17,91.5
2qb,carsonbeck,2026-08-17,142.6
2qb,ceedeelamb,2026-08-17,26.6
2qb,chasebrown,2026-08-17,34.2
2qb,chasemclaughlin,2026-08-17,151.5
2qb,chigokonkwo,2026-08-17,148.2
2qb,chimeredike,2026-08-17,114.4
2qb,chrisboswell,2026-08-17,146.3
2qb,chrisgodwin,2026-08-17,105.5
2qb,chrisolave,2026-08-17,42.7
2qb,chrisrodriguez,2026-08-17,161.7
2qb,christianmccaffrey,2026-08-17,11.3
2qb,christianwatson,2026-08-17,77.7
2qb,chubahubbard,2026-08-17,96.8
2qb,cjstroud,2026-08-17,68.3
2qb,colstonloveland,2026-08-17,81.9
2qb,cooperkupp,2026-08-17,160.8
2qb,courtlandsutton,2026-08-17,80.5
2qb,dakprescott,2026-08-17,12.1
2qb,dallasgoedert,2026-08-17,117.6
2qb,daltonkincaid,2026-08-17,143.1
2qb,daltonschultz,2026-08-17,166.0
2qb,dandreswift,2026-08-17,60.8
2qb,danieljones,2026-08-17,70.3
2qb,davanteadams,2026-08-17,52.5
2qb,davidmontgomery,2026-08-17,74.2
2qb,deebosamuel,2026-08-17,112.6
2qb,denzelboston,2026-08-17,159.6
2qb,derrickhenry,2026-08-17,12.0
2qb,deshaunwatson,2026-08-17,134.1
2qb,devonachane,2026-08-17,23.4
2qb,devontasmith,2026-08-17,56.3
2qb,dezhaunstribling,2026-08-17,140.1
2qb,djmoore,2026-08-17,73.8
2qb,dkmetcalf,2026-08-17,82.2
2qb,dontayvionwicks,2026-08-17,145.6
2qb,drakelondon,2026-08-17,25.3
2qb,drakemaye,2026-08-17,6.0
2qb,eddypineiro,2026-08-17,149.5
2qb,emekaegbuka,2026-08-17,51.0
2qb,evanmcpherson,2026-08-17,155.9
2qb,fernandomendoza,2026-08-17,128.6
2qb,garrettwilson,2026-08-17,59.4
2qb,genosmith,2026-08-17,112.7
2qb,georgekittle,2026-08-17,127.2
2qb,georgepickens,2026-08-17,33.0
2qb,germiebernard,2026-08-17,166.8
2qb,haroldfannin,2026-08-17,108.6
2qb,harrisonbutker,2026-08-17,156.0
2qb,harrisonmevis,2026-08-17,143.6
2qb,hunterhenry,2026-08-17,145.9
2qb,isaacteslaa,2026-08-17,157.2
2qb,isaiahlikely,2026-08-17,142.7
2qb,isiahpacheco,2026-08-17,145.1
2qb,jacobybrissett,2026-08-17,107.9
2qb,jacorycroskeymerritt,2026-08-17,111.3
2qb,jadarianprice,2026-08-17,84.2
2qb,jahmyrgibbs,2026-08-17,1.9
2qb,jakebates,2026-08-17,146.2
2qb,jakeferguson,2026-08-17,147.5
2qb,jakobimeyers,2026-08-17,102.2
2qb,jalencoker,2026-08-17,136.7
2qb,jalenhurts,2026-08-17,16.2
2qb,jalenmcmillan,2026-08-17,150.5
2qb,jalennailor,2026-08-17,153.4
2qb,jamarrchase,2026-08-17,8.8
2qb,jamescook,2026-08-17,17.8
2qb,jamesonwilliams,2026-08-17,55.2
2qb,jaredgoff,2026-08-17,24.4
2qb,jasonmyers,2026-08-17,133.5
2qb,jauanjennings,2026-08-17,158.5
2qb,javontewilliams,2026-08-17,48.3
2qb,jaxonsmithnjigba,2026-08-17,11.4
2qb,jaxsondart,2026-08-17,27.5
2qb,jaydendaniels,2026-08-17,12.9
2qb,jaydenhiggins,2026-08-17,137.3
2qb,jaydenreed,2026-08-17,103.9
2qb,jaylenwaddle,2026-08-17,73.0
2qb,jaylenwarren,2026-08-17,98.4
2qb,jeremiyahlove,2026-08-17,48.7
2qb,jerryjeudy,2026-08-17,149.3
2qb,jkdobbins,2026-08-17,96.6
2qb,joeburrow,2026-08-17,7.8
2qb,johnmetchie,2026-08-17,144.7
2qb,jonahcoleman,2026-08-17,126.9
2qb,jonathantaylor,2026-08-17,6.0
2qb,jonathonbrooks,2026-08-17,131.8
2qb,jordanaddison,2026-08-17,100.5
2qb,jordanlove,2026-08-17,54.6
2qb,jordanmason,2026-08-17,124.4
2qb,jordyntyson,2026-08-17,102.9
2qb,joshallen,2026-08-17,1.5
2qb,joshdowns,2026-08-17,126.6
2qb,joshjacobs,2026-08-17,33.5
2qb,justinherbert,2026-08-17,24.5
2qb,justinjefferson,2026-08-17,30.0
2qb,kaimifairbairn,2026-08-17,137.8
2qb,kayshonboutte,2026-08-17,176.0
2qb,kaytronallen,2026-08-17,168.6
2qb,kcconcepcion,2026-08-17,135.2
2qb,keatonmitchell,2026-08-17,155.2
2qb,kennethwalker,2026-08-17,41.9
2qb,kennygainwell,2026-08-17,131.9
2qb,kenyonsadiq,2026-08-17,125.5
2qb,khalilshakir,2026-08-17,135.4
2qb,kirkcousins,2026-08-17,140.7
2qb,kylemonangai,2026-08-17,112.8
2qb,kylepitts,2026-08-17,111.1
2qb,kylermurray,2026-08-17,55.4
2qb,kyrenwilliams,2026-08-17,42.6
2qb,laddmcconkey,2026-08-17,67.6
2qb,lamarjackson,2026-08-17,7.0
2qb,lutherburden,2026-08-17,77.3
2qb,makailemon,2026-08-17,114.7
2qb,maliknabers,2026-08-17,53.6
2qb,malikwashington,2026-08-17,165.5
2qb,malikwillis,2026-08-17,77.6
2qb,markandrews,2026-08-17,126.8
2qb,marvinharrison,2026-08-17,84.9
2qb,matthewgolden,2026-08-17,127.7
2qb,matthewstafford,2026-08-17,17.2
2qb,michaelpenix,2026-08-17,142.8
2qb,michaelpittman,2026-08-17,109.6
2qb,michaelwilson,2026-08-17,103.9
2qb,mikeevans,2026-08-17,77.6
2qb,nickfolk,2026-08-17,152.0
2qb,nicocollins,2026-08-17,37.6
2qb,omarcooper,2026-08-17,157.7
2qb,omarionhampton,2026-08-17,37.8
2qb,parkerwashington,2026-08-17,88.3
2qb,patrickmahomes,2026-08-17,21.1
2qb,pukanacua,2026-08-17,5.3
2qb,quentinjohnston,2026-08-17,96.2
2qb,quinshonjudkins,2026-08-17,65.7
2qb,rachaadwhite,2026-08-17,127.8
2qb,rasheerice,2026-08-17,35.8
2qb,rashidshaheed,2026-08-17,127.4
2qb,rashodbateman,2026-08-17,150.6
2qb,rhamondrestevenson,2026-08-17,92.0
2qb,rickypearsall,2026-08-17,118.6
2qb,ricodowdle,2026-08-17,91.1
2qb,rjharvey,2026-08-17,114.6
2qb,romeodoubs,2026-08-17,122.5
2qb,romeodunze,2026-08-17,60.5
2qb,ryanflournoy,2026-08-17,153.4
2qb,samdarnold,2026-08-17,53.7
2qb,samlaporta,2026-08-17,109.8
2qb,saquonbarkley,2026-08-17,26.4
2qb,shedeursanders,2026-08-17,135.7
2qb,stefondiggs,2026-08-17,118.8
2qb,tankbigsby,2026-08-17,170.1
2qb,tankdell,2026-08-17,160.6
2qb,teehiggins,2026-08-17,50.6
2qb,terrymclaurin,2026-08-17,63.4
2qb,tetairoamcmillan,2026-08-17,53.4
2qb,theowease,2026-08-17,142.7
2qb,tonypollard,2026-08-17,82.4
2qb,travisetienne,2026-08-17,60.3
2qb,travishunter,2026-08-17,151.4
2qb,traviskelce,2026-08-17,136.9
2qb,tretucker,2026-08-17,137.9
2qb,treveyonhenderson,2026-08-17,74.4
2qb,trevorlawrence,2026-08-17,17.8
2qb,treymcbride,2026-08-17,66.2
2qb,tuatagovailoa,2026-08-17,135.1
2qb,tuckerkraft,2026-08-17,102.0
2qb,tyjaespears,2026-08-17,143.3
2qb,tylerallgeier,2026-08-17,148.6
2qb,tylerbass,2026-08-17,157.0
2qb,tylerloop,2026-08-17,151.1
2qb,tylershough,2026-08-17,47.9
2qb,tylerwarren,2026-08-17,89.3
2qb,tyronetracy,2026-08-17,161.2
2qb,wandalerobinson,2026-08-17,123.8
2qb,willreichard,2026-08-17,153.3
2qb,willutz,2026-08-17,163.6
2qb,woodymarks,2026-08-17,154.8
2qb,xavierworthy,2026-08-17,106.7
2qb,zachcharbonnet,2026-08-17,138.0
2qb,zayflowers,2026-08-17,42.4
half-ppr,ATL,2026-08-17,184.4
half-ppr,BAL,2026-08-17,161.6
half-ppr,BUF,2026-08-17,157.5
half-ppr,CHI,2026-08-17,181.2
half-ppr,CLE,2026-08-17,171.0
half-ppr,DAL,2026-08-17,155.6
half-ppr,DEN,2026-08-17,87.0
half-ppr,DET,2026-08-17,131.6
half-ppr,HOU,2026-08-17,99.0
half-ppr,JAX,2026-08-17,152.7
half-ppr,LA,2026-08-17,108.1
half-ppr,LAC,2026-08-17,142.1
half-ppr,MIN,2026-08-17,116.4
half-ppr,NE,2026-08-17,122.9
half-ppr,NO,2026-08-17,180.0
half-ppr,PHI,2026-08-17,130.7
half-ppr,PIT,2026-08-17,140.5
half-ppr,SEA,2026-08-17,82.9
half-ppr,TEN,2026-08-17,173.1
half-ppr,aaronjones,2026-08-17,99.8
half-ppr,adonaimitchell,2026-08-17,167.2
half-ppr,ajbrown,2026-08-17,18.8
half-ppr,alecpierce,2026-08-17,54.9
half-ppr,alvinkamara,2026-08-17,148.8
half-ppr,amonrastbrown,2026-08-17,7.6
half-ppr,andyborregales,2026-08-17,181.4
half-ppr,ashtonjeanty,2026-08-17,15.7
half-ppr,bakermayfield,2026-08-17,133.4
half-ppr,bhayshultuten,2026-08-17,53.6
half-ppr,bijanrobinson,2026-08-17,2.0
half-ppr,blakecorum,2026-08-17,123.0
half-ppr,bonix,2026-08-17,116.5
half-ppr,braelonallen,2026-08-17,155.4
half-ppr,brandonaubrey,2026-08-17,129.4
half-ppr,breecehall,2026-08-17,29.0
half-ppr,brentonstrange,2026-08-17,162.2
half-ppr,brianrobinson,2026-08-17,173.5
half-ppr,brianthomas,2026-08-17,70.2
half-ppr,brockbowers,2026-08-17,41.9
half-ppr,brockpurdy,2026-08-17,86.6
half-ppr,bryceyoung,2026-08-17,156.0
half-ppr,buckyirving,2026-08-17,47.8
half-ppr,cairosantos,2026-08-17,169.7
half-ppr,calebwilliams,2026-08-17,86.0
half-ppr,calvinridley,2026-08-17,140.7
half-ppr,camerondicker,2026-08-17,143.0
half-ppr,camlittle,2026-08-17,156.0
half-ppr,camskattebo,2026-08-17,35.0
half-ppr,carnelltate,2026-08-17,72.9
half-ppr,ceedeelamb,2026-08-17,12.7
half-ppr,chasebrown,2026-08-17,15.0
half-ppr,chasemclaughlin,2026-08-17,147.1
half-ppr,chigokonkwo,2026-08-17,167.6
half-ppr,chrisgodwin,2026-08-17,78.1
half-ppr,chrisolave,2026-08-17,24.3
half-ppr,chrisrodriguez,2026-08-17,154.3
half-ppr,christianmccaffrey,2026-08-17,6.8
half-ppr,christianwatson,2026-08-17,56.9
half-ppr,chubahubbard,2026-08-17,71.9
half-ppr,cjstroud,2026-08-17,164.2
half-ppr,colstonloveland,2026-08-17,60.1
half-ppr,cooperkupp,2026-08-17,147.3
half-ppr,courtlandsutton,2026-08-17,61.2
half-ppr,dakprescott,2026-08-17,66.4
half-ppr,dallasgoedert,2026-08-17,112.8
half-ppr,daltonkincaid,2026-08-17,142.5
half-ppr,daltonschultz,2026-08-17,155.0
half-ppr,dandreswift,2026-08-17,43.3
half-ppr,danieljones,2026-08-17,165.7
half-ppr,davanteadams,2026-08-17,37.2
half-ppr,davidmontgomery,2026-08-17,55.5
half-ppr,deebosamuel,2026-08-17,108.0
half-ppr,denzelboston,2026-08-17,140.6
half-ppr,derrickhenry,2026-08-17,10.5
half-ppr,devonachane,2026-08-17,11.6
half-ppr,devontasmith,2026-08-17,31.2
half-ppr,dezhaunstribling,2026-08-17,143.5
half-ppr,djmoore,2026-08-17,49.5
half-ppr,dkmetcalf,2026-08-17,62.7
half-ppr,dontayvionwicks,2026-08-17,166.2
half-ppr,drakelondon,2026-08-17,11.8
half-ppr,drakemaye,2026-08-17,51.5
half-ppr,dylansampson,2026-08-17,178.2
half-ppr,eddypineiro,2026-08-17,169.2
half-ppr,emekaegbuka,2026-08-17,36.9
half-ppr,evanmcpherson,2026-08-17,177.2
half-ppr,garrettwilson,2026-08-17,30.7
half-ppr,georgekittle,2026-08-17,117.1
half-ppr,georgepickens,2026-08-17,19.3
half-ppr,gregdulcich,2026-08-17,173.6
half-ppr,haroldfannin,2026-08-17,81.2
half-ppr,harrisonbutker,2026-08-17,171.5
half-ppr,harrisonmevis,2026-08-17,140.5
half-ppr,hunterhenry,2026-08-17,147.7
half-ppr,isaacteslaa,2026-08-17,170.9
half-ppr,isaiahlikely,2026-08-17,136.8
half-ppr,isiahpacheco,2026-08-17,150.9
half-ppr,jacobybrissett,2026-08-17,174.8
half-ppr,jacorycroskeymerritt,2026-08-17,110.3
half-ppr,jadarianprice,2026-08-17,78.8
half-ppr,jahmyrgibbs,2026-08-17,1.5
half-ppr,jakebates,2026-08-17,152.6
half-ppr,jakeferguson,2026-08-17,148.7
half-ppr,jakobilane,2026-08-17,166.6
half-ppr,jakobimeyers,2026-08-17,88.8
half-ppr,jalencoker,2026-08-17,114.2
half-ppr,jalenhurts,2026-08-17,77.4
half-ppr,jalenmcmillan,2026-08-17,133.7
half-ppr,jalennailor,2026-08-17,139.9
half-ppr,jamarrchase,2026-08-17,4.1
half-ppr,jamescook,2026-08-17,8.9
half-ppr,jamesonwilliams,2026-08-17,39.4
half-ppr,jaredgoff,2026-08-17,104.1
half-ppr,jasonmyers,2026-08-17,137.4
half-ppr,jauanjennings,2026-08-17,140.8
half-ppr,javontewilliams,2026-08-17,34.9
half-ppr,jaxonsmithnjigba,2026-08-17,5.4
half-ppr,jaxsondart,2026-08-17,119.8
half-ppr,jaydendaniels,2026-08-17,71.8
half-ppr,jaydenhiggins,2026-08-17,119.6
half-ppr,jaydenreed,2026-08-17,90.3
half-ppr,jaylenwaddle,2026-08-17,46.8
half-ppr,jaylenwarren,2026-08-17,64.2
half-ppr,jeremiyahlove,2026-08-17,32.1
half-ppr,jerryjeudy,2026-08-17,131.8
half-ppr,jkdobbins,2026-08-17,88.7
half-ppr,joeburrow,2026-08-17,55.0
half-ppr,jonahcoleman,2026-08-17,157.6
half-ppr,jonathantaylor,2026-08-17,5.9
half-ppr,jonathonbrooks,2026-08-17,110.5
half-ppr,jordanaddison,2026-08-17,91.0
half-ppr,jordanjames,2026-08-17,166.2
half-ppr,jordanlove,2026-08-17,148.4
half-ppr,jordanmason,2026-08-17,114.6
half-ppr,jordyntyson,2026-08-17,95.1
half-ppr,joshallen,2026-08-17,31.0
half-ppr,joshdowns,2026-08-17,84.0
half-ppr,joshjacobs,2026-08-17,26.9
half-ppr,justinherbert,2026-08-17,107.5
half-ppr,justinjefferson,2026-08-17,14.1
half-ppr,juwanjohnson,2026-08-17,168.8
half-ppr,kaelonblack,2026-08-17,160.7
half-ppr,kaimifairbairn,2026-08-17,137.1
half-ppr,kayshonboutte,2026-08-17,164.6
half-ppr,kcconcepcion,2026-08-17,123.1
half-ppr,keatonmitchell,2026-08-17,151.3
half-ppr,kennethwalker,2026-08-17,22.5
half-ppr,kennygainwell,2026-08-17,101.8
half-ppr,khalilshakir,2026-08-17,104.5
half-ppr,kylemonangai,2026-08-17,113.9
half-ppr,kylepitts,2026-08-17,81.7
half-ppr,kylermurray,2026-08-17,137.0
half-ppr,kyrenwilliams,2026-08-17,27.4
half-ppr,laddmcconkey,2026-08-17,40.6
half-ppr,lamarjackson,2026-08-17,56.2
half-ppr,lutherburden,2026-08-17,59.8
half-ppr,makailemon,2026-08-17,107.8
half-ppr,maliknabers,2026-08-17,27.3
half-ppr,malikwashington,2026-08-17,147.9
half-ppr,malikwillis,2026-08-17,165.9
half-ppr,markandrews,2026-08-17,128.3
half-ppr,marshawnlloyd,2026-08-17,166.3
half-ppr,marvinharrison,2026-08-17,63.3
half-ppr,matthewgolden,2026-08-17,108.6
half-ppr,matthewstafford,2026-08-17,76.5
half-ppr,michaelpittman,2026-08-17,81.2
half-ppr,michaelwilson,2026-08-17,75.0
half-ppr,mikeevans,2026-08-17,52.3
half-ppr,mikewashington,2026-08-17,173.5
half-ppr,nicocollins,2026-08-17,21.1
half-ppr,omarcooper,2026-08-17,167.5
half-ppr,omarionhampton,2026-08-17,22.2
half-ppr,parkerwashington,2026-08-17,65.1
half-ppr,patbryant,2026-08-17,168.3
half-ppr,patrickmahomes,2026-08-17,100.1
half-ppr,pukanacua,2026-08-17,3.0
half-ppr,quentinjohnston,2026-08-17,84.4
half-ppr,quinshonjudkins,2026-08-17,52.3
half-ppr,rachaadwhite,2026-08-17,112.1
half-ppr,rasheerice,2026-08-17,16.2
half-ppr,rashidshaheed,2026-08-17,121.4
half-ppr,rashodbateman,2026-08-17,129.1
half-ppr,raydavis,2026-08-17,146.2
half-ppr,rhamondrestevenson,2026-08-17,69.7
half-ppr,ricodowdle,2026-08-17,77.8
half-ppr,rjharvey,2026-08-17,87.5
half-ppr,romeodoubs,2026-08-17,108.5
half-ppr,romeodunze,2026-08-17,45.9
half-ppr,ryanflournoy,2026-08-17,163.9
half-ppr,samdarnold,2026-08-17,148.0
half-ppr,samlaporta,2026-08-17,90.3
half-ppr,saquonbarkley,2026-08-17,18.0
half-ppr,stefondiggs,2026-08-17,96.2
half-ppr,tankbigsby,2026-08-17,166.0
half-ppr,tankdell,2026-08-17,161.1
half-ppr,teehiggins,2026-08-17,34.8
half-ppr,terrymclaurin,2026-08-17,44.7
half-ppr,tetairoamcmillan,2026-08-17,33.7
half-ppr,theowease,2026-08-17,130.9
half-ppr,tjhockenson,2026-08-17,168.3
half-ppr,tonypollard,2026-08-17,65.4
half-ppr,travisetienne,2026-08-17,42.8
half-ppr,travishunter,2026-08-17,155.9
half-ppr,traviskelce,2026-08-17,121.8
half-ppr,tretucker,2026-08-17,135.8
half-ppr,treveyonhenderson,2026-08-17,58.5
half-ppr,trevorlawrence,2026-08-17,94.7
half-ppr,treymcbride,2026-08-17,38.5
half-ppr,tuckerkraft,2026-08-17,94.1
half-ppr,tyjaespears,2026-08-17,150.3
half-ppr,tylerallgeier,2026-08-17,160.2
half-ppr,tylerloop,2026-08-17,149.3
half-ppr,tylershough,2026-08-17,132.6
half-ppr,tylerwarren,2026-08-17,69.7
half-ppr,tyronetracy,2026-08-17,148.4
half-ppr,wandalerobinson,2026-08-17,94.1
half-ppr,willreichard,2026-08-17,157.2
half-ppr,willutz,2026-08-17,164.1
half-ppr,woodymarks,2026-08-17,144.9
half-ppr,xavierworthy,2026-08-17,101.3
half-ppr,zachcharbonnet,2026-08-17,133.1
half-ppr,zayflowers,2026-08-17,24.3
ppr,ATL,2026-08-17,168.6
ppr,BAL,2026-08-17,161.1
ppr,BUF,2026-08-17,159.9
ppr,CHI,2026-08-17,168.6
ppr,CIN,2026-08-17,172.9
ppr,CLE,2026-08-17,164.9
ppr,DAL,2026-08-17,168.1
ppr,DEN,2026-08-17,90.5
ppr,DET,2026-08-17,130.6
ppr,GB,2026-08-17,161.3
ppr,HOU,2026-08-17,100.5
ppr,JAX,2026-08-17,155.5
ppr,KC,2026-08-17,177.8
ppr,LA,2026-08-17,118.0
ppr,LAC,2026-08-17,144.7
ppr,MIA,2026-08-17,178.6
ppr,MIN,2026-08-17,115.2
ppr,NE,2026-08-17,128.4
ppr,NO,2026-08-17,170.5
ppr,NYG,2026-08-17,169.9
ppr,PHI,2026-08-17,131.6
ppr,PIT,2026-08-17,141.4
ppr,SEA,2026-08-17,91.9
ppr,SF,2026-08-17,144.3
ppr,TEN,2026-08-17,164.7
ppr,WAS,2026-08-17,198.5
ppr,aaronjones,2026-08-17,98.2
ppr,aaronrodgers,2026-08-17,166.8
ppr,adonaimitchell,2026-08-17,161.8
ppr,ajbarner,2026-08-17,161.8
ppr,ajbrown,2026-08-17,17.5
ppr,alecpierce,2026-08-17,58.4
ppr,alvinkamara,2026-08-17,142.9
ppr,amonrastbrown,2026-08-17,6.6
ppr,andyborregales,2026-08-17,156.2
ppr,antoniowilliams,2026-08-17,167.4
ppr,ashtonjeanty,2026-08-17,14.9
ppr,bakermayfield,2026-08-17,129.8
ppr,bhayshultuten,2026-08-17,54.2
ppr,bijanrobinson,2026-08-17,1.7
ppr,blakecorum,2026-08-17,122.6
ppr,blakegrupe,2026-08-17,170.4
ppr,bonix,2026-08-17,118.1
ppr,braelonallen,2026-08-17,149.7
ppr,brandonaubrey,2026-08-17,130.3
ppr,breecehall,2026-08-17,28.9
ppr,brentonstrange,2026-08-17,163.5
ppr,brianrobinson,2026-08-17,164.9
ppr,brianthomas,2026-08-17,73.9
ppr,brockbowers,2026-08-17,38.0
ppr,brockpurdy,2026-08-17,87.5
ppr,bryceyoung,2026-08-17,171.4
ppr,buckyirving,2026-08-17,45.2
ppr,cairosantos,2026-08-17,162.9
ppr,calebdouglas,2026-08-17,174.7
ppr,calebwilliams,2026-08-17,95.7
ppr,calvinridley,2026-08-17,136.7
ppr,camerondicker,2026-08-17,143.7
ppr,camlittle,2026-08-17,156.8
ppr,camskattebo,2026-08-17,34.1
ppr,camward,2026-08-17,171.8
ppr,carnelltate,2026-08-17,74.8
ppr,ceedeelamb,2026-08-17,10.8
ppr,chasebrown,2026-08-17,13.3
ppr,chasemclaughlin,2026-08-17,155.7
ppr,chigokonkwo,2026-08-17,162.1
ppr,chimeredike,2026-08-17,150.8
ppr,chrisboswell,2026-08-17,156.6
ppr,chrisgodwin,2026-08-17,84.2
ppr,chrisolave,2026-08-17,21.5
ppr,chrisrodriguez,2026-08-17,160.9
ppr,christianmccaffrey,2026-08-17,6.4
ppr,christianwatson,2026-08-17,63.5
ppr,chubahubbard,2026-08-17,74.4
ppr,cjstroud,2026-08-17,160.8
ppr,colstonloveland,2026-08-17,57.9
ppr,cooperkupp,2026-08-17,155.2
ppr,courtlandsutton,2026-08-17,60.4
ppr,cyrusallen,2026-08-17,151.2
ppr,dakprescott,2026-08-17,65.8
ppr,dallasgoedert,2026-08-17,115.5
ppr,daltonkincaid,2026-08-17,152.9
ppr,daltonschultz,2026-08-17,154.8
ppr,dandreswift,2026-08-17,46.0
ppr,danieljones,2026-08-17,153.0
ppr,dariusslayton,2026-08-17,171.5
ppr,darnellmooney,2026-08-17,187.6
ppr,davanteadams,2026-08-17,41.2
ppr,davidmontgomery,2026-08-17,61.1
ppr,deebosamuel,2026-08-17,108.9
ppr,denzelboston,2026-08-17,146.5
ppr,derrickhenry,2026-08-17,17.1
ppr,devonachane,2026-08-17,10.1
ppr,devontasmith,2026-08-17,28.7
ppr,dezhaunstribling,2026-08-17,150.4
ppr,djmoore,2026-08-17,50.7
ppr,dkmetcalf,2026-08-17,65.2
ppr,dontayvionwicks,2026-08-17,172.1
ppr,drakelondon,2026-08-17,10.3
ppr,drakemaye,2026-08-17,50.2
ppr,dylansampson,2026-08-17,161.4
ppr,eddypineiro,2026-08-17,160.5
ppr,emaridemercado,2026-08-17,167.4
ppr,emekaegbuka,2026-08-17,37.0
ppr,evanmcpherson,2026-08-17,170.5
ppr,fernandomendoza,2026-08-17,168.6
ppr,garrettwilson,2026-08-17,27.8
ppr,georgekittle,2026-08-17,114.8
ppr,georgepickens,2026-08-17,19.9
ppr,germiebernard,2026-08-17,172.5
ppr,gregdulcich,2026-08-17,168.8
ppr,haroldfannin,2026-08-17,79.1
ppr,harrisonbutker,2026-08-17,161.3
ppr,harrisonmevis,2026-08-17,152.7
ppr,hunterhenry,2026-08-17,157.6
ppr,isaacteslaa,2026-08-17,176.9
ppr,isaiahlikely,2026-08-17,135.4
ppr,isiahpacheco,2026-08-17,153.9
ppr,jacobybrissett,2026-08-17,164.5
ppr,jacorycroskeymerritt,2026-08-17,115.3
ppr,jadarianprice,2026-08-17,80.2
ppr,jahmyrgibbs,2026-08-17,1.8
ppr,jakebates,2026-08-17,148.2
ppr,jakeferguson,2026-08-17,134.8
ppr,jakobilane,2026-08-17,159.2
ppr,jakobimeyers,2026-08-17,83.5
ppr,jalencoker,2026-08-17,123.7
ppr,jalenhurts,2026-08-17,79.2
ppr,jalenmcmillan,2026-08-17,143.3
ppr,jalennailor,2026-08-17,153.9
ppr,jalentolbert,2026-08-17,168.7
ppr,jamarrchase,2026-08-17,3.9
ppr,jamesconner,2026-08-17,171.5
ppr,jamescook,2026-08-17,13.1
ppr,jamesonwilliams,2026-08-17,44.0
ppr,jaredgoff,2026-08-17,105.8
ppr,jasonmyers,2026-08-17,140.3
ppr,jauanjennings,2026-08-17,144.8
ppr,javontewilliams,2026-08-17,37.4
ppr,jaxonsmithnjigba,2026-08-17,5.4
ppr,jaxsondart,2026-08-17,110.3
ppr,jaydendaniels,2026-08-17,72.0
ppr,jaydenhiggins,2026-08-17,129.6
ppr,jaydenreed,2026-08-17,93.9
ppr,jaydonblue,2026-08-17,168.3
ppr,jaylenwaddle,2026-08-17,46.1
ppr,jaylenwarren,2026-08-17,64.8
ppr,jeremiyahlove,2026-08-17,28.8
ppr,jerryjeudy,2026-08-17,132.5
ppr,jkdobbins,2026-08-17,96.6
ppr,joeburrow,2026-08-17,56.0
ppr,johnmetchie,2026-08-17,122.8
ppr,jonahcoleman,2026-08-17,156.4
ppr,jonathantaylor,2026-08-17,7.5
ppr,jonathonbrooks,2026-08-17,108.4
ppr,jordanaddison,2026-08-17,100.5
ppr,jordanjames,2026-08-17,164.5
ppr,jordanlove,2026-08-17,144.5
ppr,jordanmason,2026-08-17,123.6
ppr,jordyntyson,2026-08-17,94.1
ppr,joshallen,2026-08-17,30.6
ppr,joshdowns,2026-08-17,84.3
ppr,joshjacobs,2026-08-17,30.0
ppr,justicehill,2026-08-17,163.8
ppr,justinherbert,2026-08-17,105.2
ppr,justinjefferson,2026-08-17,13.0
ppr,juwanjohnson,2026-08-17,154.3
ppr,kaelonblack,2026-08-17,155.1
ppr,kaimifairbairn,2026-08-17,141.7
ppr,kayshonboutte,2026-08-17,169.7
ppr,kcconcepcion,2026-08-17,126.7
ppr,keatonmitchell,2026-08-17,159.9
ppr,kennethwalker,2026-08-17,24.0
ppr,kennygainwell,2026-08-17,88.6
ppr,kenyonsadiq,2026-08-17,168.7
ppr,khalilshakir,2026-08-17,101.3
ppr,kimanividal,2026-08-17,153.1
ppr,kylemonangai,2026-08-17,111.5
ppr,kylepitts,2026-08-17,77.5
ppr,kylermurray,2026-08-17,138.3
ppr,kyrenwilliams,2026-08-17,32.4
ppr,laddmcconkey,2026-08-17,40.2
ppr,lamarjackson,2026-08-17,55.5
ppr,lutherburden,2026-08-17,58.4
ppr,makailemon,2026-08-17,111.5
ppr,maliknabers,2026-08-17,28.4
ppr,malikwashington,2026-08-17,151.6
ppr,malikwillis,2026-08-17,162.5
ppr,markandrews,2026-08-17,136.3
ppr,marshawnlloyd,2026-08-17,162.9
ppr,marvinharrison,2026-08-17,65.1
ppr,matthewgolden,2026-08-17,117.3
ppr,matthewstafford,2026-08-17,81.1
ppr,michaelpittman,2026-08-17,73.5
ppr,michaelwilson,2026-08-17,81.5
ppr,mikeevans,2026-08-17,54.9
ppr,mikewashington,2026-08-17,150.1
ppr,nickfolk,2026-08-17,156.2
ppr,nicocollins,2026-08-17,22.2
ppr,omarcooper,2026-08-17,162.8
ppr,omarionhampton,2026-08-17,20.7
ppr,parkerwashington,2026-08-17,67.1
ppr,patbryant,2026-08-17,147.1
ppr,patfreiermuth,2026-08-17,190.7
ppr,patrickmahomes,2026-08-17,99.0
ppr,pukanacua,2026-08-17,3.1
ppr,quentinjohnston,2026-08-17,93.2
ppr,quinshonjudkins,2026-08-17,51.4
ppr,rachaadwhite,2026-08-17,105.0
ppr,rasheerice,2026-08-17,14.2
ppr,rashidshaheed,2026-08-17,127.6
ppr,rashodbateman,2026-08-17,147.2
ppr,raydavis,2026-08-17,165.7
ppr,rhamondrestevenson,2026-08-17,71.3
ppr,rickypearsall,2026-08-17,110.9
ppr,ricodowdle,2026-08-17,74.1
ppr,rjharvey,2026-08-17,83.4
ppr,romeodoubs,2026-08-17,112.6
ppr,romeodunze,2026-08-17,49.0
ppr,ryanflournoy,2026-08-17,169.8
ppr,samajeperine,2026-08-17,174.3
ppr,samdarnold,2026-08-17,143.0
ppr,samlaporta,2026-08-17,88.4
ppr,saquonbarkley,2026-08-17,20.1
ppr,stefondiggs,2026-08-17,93.5
ppr,tankbigsby,2026-08-17,165.5
ppr,tankdell,2026-08-17,153.3
ppr,teehiggins,2026-08-17,36.6
ppr,terrymclaurin,2026-08-17,45.7
ppr,tetairoamcmillan,2026-08-17,33.6
ppr,theowease,2026-08-17,138.2
ppr,tjhockenson,2026-08-17,167.2
ppr,tonypollard,2026-08-17,67.3
ppr,travisetienne,2026-08-17,41.5
ppr,travishunter,2026-08-17,159.6
ppr,traviskelce,2026-08-17,108.3
ppr,treharris,2026-08-17,162.9
ppr,tretucker,2026-08-17,133.0
ppr,treveyonhenderson,2026-08-17,59.1
ppr,trevorlawrence,2026-08-17,92.2
ppr,treymcbride,2026-08-17,31.7
ppr,treysmack,2026-08-17,162.3
ppr,tuckerkraft,2026-08-17,104.0
ppr,tyjaespears,2026-08-17,133.3
ppr,tyjohnson,2026-08-17,161.9
ppr,tylerallgeier,2026-08-17,163.9
ppr,tylerbass,2026-08-17,167.0
ppr,tylerloop,2026-08-17,156.2
ppr,tylershough,2026-08-17,136.8
ppr,tylerwarren,2026-08-17,64.7
ppr,tyronetracy,2026-08-17,151.4
ppr,wandalerobinson,2026-08-17,81.7
ppr,willreichard,2026-08-17,159.2
ppr,willutz,2026-08-17,162.9
ppr,woodymarks,2026-08-17,150.4
ppr,xavierworthy,2026-08-17,106.2
ppr,zachariahbranch,2026-08-17,170.9
ppr,zachcharbonnet,2026-08-17,139.0
ppr,zayflowers,2026-08-17,24.9
standard,BAL,2026-08-17,162.2
standard,BUF,2026-08-17,161.1
standard,CLE,2026-08-17,161.1
standard,DEN,2026-08-17,87.5
standard,DET,2026-08-17,128.0
standard,HOU,2026-08-17,104.0
standard,JAX,2026-08-17,152.0
standard,KC,2026-08-17,142.1
standard,LA,2026-08-17,122.7
standard,LAC,2026-08-17,142.2
standard,MIN,2026-08-17,119.1
standard,NE,2026-08-17,126.9
standard,NYG,2026-08-17,172.3
standard,PHI,2026-08-17,130.2
standard,PIT,2026-08-17,140.9
standard,SEA,2026-08-17,86.8
standard,aaronjones,2026-08-17,101.8
standard,adonaimitchell,2026-08-17,161.9
standard,ajbrown,2026-08-17,19.5
standard,alecpierce,2026-08-17,46.9
standard,alvinkamara,2026-08-17,151.9
standard,amonrastbrown,2026-08-17,8.5
standard,antoniowilliams,2026-08-17,154.6
standard,ashtonjeanty,2026-08-17,16.4
standard,bakermayfield,2026-08-17,136.1
standard,bhayshultuten,2026-08-17,50.5
standard,bijanrobinson,2026-08-17,2.2
standard,blakecorum,2026-08-17,107.7
standard,blakegrupe,2026-08-17,166.8
standard,bonix,2026-08-17,120.9
standard,braelonallen,2026-08-17,157.7
standard,brandonaubrey,2026-08-17,128.9
standard,breecehall,2026-08-17,27.4
standard,brentonstrange,2026-08-17,158.7
standard,brianrobinson,2026-08-17,122.6
standard,brianthomas,2026-08-17,67.8
standard,brockbowers,2026-08-17,51.6
standard,brockpurdy,2026-08-17,83.8
standard,buckyirving,2026-08-17,46.5
standard,cairosantos,2026-08-17,163.0
standard,calebwilliams,2026-08-17,96.0
standard,calvinridley,2026-08-17,125.0
standard,camerondicker,2026-08-17,146.5
standard,camlittle,2026-08-17,151.5
standard,camskattebo,2026-08-17,34.5
standard,carnelltate,2026-08-17,72.2
standard,ceedeelamb,2026-08-17,13.4
standard,chasebrown,2026-08-17,18.8
standard,chasemclaughlin,2026-08-17,150.2
standard,chrisboswell,2026-08-17,171.2
standard,chrisgodwin,2026-08-17,82.8
standard,chrisolave,2026-08-17,27.3
standard,chrisrodriguez,2026-08-17,141.1
standard,christianmccaffrey,2026-08-17,6.4
standard,christianwatson,2026-08-17,53.5
standard,chubahubbard,2026-08-17,77.1
standard,cjstroud,2026-08-17,150.8
standard,colstonloveland,2026-08-17,70.0
standard,cooperkupp,2026-08-17,156.7
standard,courtlandsutton,2026-08-17,57.0
standard,dakprescott,2026-08-17,64.0
standard,dallasgoedert,2026-08-17,110.7
standard,daltonkincaid,2026-08-17,142.5
standard,dandreswift,2026-08-17,42.2
standard,danieljones,2026-08-17,159.4
standard,davanteadams,2026-08-17,34.0
standard,davidmontgomery,2026-08-17,55.8
standard,deebosamuel,2026-08-17,94.2
standard,denzelboston,2026-08-17,144.5
standard,derrickhenry,2026-08-17,7.5
standard,devonachane,2026-08-17,10.4
standard,devontasmith,2026-08-17,38.7
standard,dezhaunstribling,2026-08-17,147.7
standard,djmoore,2026-08-17,50.3
standard,dkmetcalf,2026-08-17,59.3
standard,dontayvionwicks,2026-08-17,171.6
standard,drakelondon,2026-08-17,12.0
standard,drakemaye,2026-08-17,48.1
standard,eddypineiro,2026-08-17,167.6
standard,emekaegbuka,2026-08-17,35.8
standard,evanmcpherson,2026-08-17,171.2
standard,garrettwilson,2026-08-17,41.5
standard,georgekittle,2026-08-17,119.2
standard,georgepickens,2026-08-17,17.3
standard,haroldfannin,2026-08-17,98.0
standard,harrisonbutker,2026-08-17,165.3
standard,harrisonmevis,2026-08-17,134.1
standard,hunterhenry,2026-08-17,151.4
standard,isaiahlikely,2026-08-17,134.3
standard,isiahpacheco,2026-08-17,153.3
standard,jacorycroskeymerritt,2026-08-17,92.8
standard,jadarianprice,2026-08-17,71.1
standard,jahmyrgibbs,2026-08-17,1.5
standard,jakebates,2026-08-17,147.5
standard,jakeferguson,2026-08-17,149.8
standard,jakobilane,2026-08-17,157.4
standard,jakobimeyers,2026-08-17,86.9
standard,jalencoker,2026-08-17,120.1
standard,jalenhurts,2026-08-17,75.7
standard,jalenmcmillan,2026-08-17,136.6
standard,jalennailor,2026-08-17,139.6
standard,jamarrchase,2026-08-17,4.8
standard,jamescook,2026-08-17,8.9
standard,jamesonwilliams,2026-08-17,36.4
standard,jaredgoff,2026-08-17,106.8
standard,jasonmyers,2026-08-17,139.6
standard,jauanjennings,2026-08-17,141.3
standard,javontewilliams,2026-08-17,29.4
standard,jaxonsmithnjigba,2026-08-17,6.2
standard,jaxsondart,2026-08-17,116.4
standard,jaydendaniels,2026-08-17,70.5
standard,jaydenhiggins,2026-08-17,117.8
standard,jaydenreed,2026-08-17,83.3
standard,jaydonblue,2026-08-17,160.0
standard,jaylenwaddle,2026-08-17,52.5
standard,jaylenwarren,2026-08-17,70.6
standard,jeremiyahlove,2026-08-17,33.2
standard,jerryjeudy,2026-08-17,133.0
standard,jkdobbins,2026-08-17,79.0
standard,joeburrow,2026-08-17,54.5
standard,johnmetchie,2026-08-17,134.4
standard,jonahcoleman,2026-08-17,163.5
standard,jonathantaylor,2026-08-17,4.0
standard,jonathonbrooks,2026-08-17,111.7
standard,jordanaddison,2026-08-17,81.2
standard,jordanlove,2026-08-17,159.4
standard,jordanmason,2026-08-17,109.3
standard,jordyntyson,2026-08-17,90.3
standard,joshallen,2026-08-17,21.5
standard,joshdowns,2026-08-17,97.5
standard,joshjacobs,2026-08-17,20.6
standard,justinherbert,2026-08-17,105.5
standard,justinjefferson,2026-08-17,16.8
standard,kaimifairbairn,2026-08-17,144.8
standard,kayshonboutte,2026-08-17,158.7
standard,kcconcepcion,2026-08-17,122.4
standard,keatonmitchell,2026-08-17,145.1
standard,kennethwalker,2026-08-17,24.0
standard,kennygainwell,2026-08-17,124.2
standard,kenyonsadiq,2026-08-17,160.2
standard,khalilshakir,2026-08-17,111.4
standard,kylemonangai,2026-08-17,102.7
standard,kylepitts,2026-08-17,110.2
standard,kylermurray,2026-08-17,151.8
standard,kyrenwilliams,2026-08-17,23.8
standard,laddmcconkey,2026-08-17,45.3
standard,lamarjackson,2026-08-17,52.2
standard,lutherburden,2026-08-17,59.5
standard,makailemon,2026-08-17,100.1
standard,maliknabers,2026-08-17,30.4
standard,malikwashington,2026-08-17,157.2
standard,malikwillis,2026-08-17,155.1
standard,markandrews,2026-08-17,121.2
standard,marvinharrison,2026-08-17,63.1
standard,matthewgolden,2026-08-17,103.1
standard,matthewstafford,2026-08-17,74.9
standard,michaelpittman,2026-08-17,91.8
standard,michaelwilson,2026-08-17,79.0
standard,mikeevans,2026-08-17,53.4
standard,nicocollins,2026-08-17,21.1
standard,omarcooper,2026-08-17,160.3
standard,omarionhampton,2026-08-17,23.0
standard,parkerwashington,2026-08-17,64.0
standard,patrickmahomes,2026-08-17,99.3
standard,pukanacua,2026-08-17,3.8
standard,quentinjohnston,2026-08-17,74.5
standard,quinshonjudkins,2026-08-17,49.1
standard,rachaadwhite,2026-08-17,119.9
standard,rasheerice,2026-08-17,18.5
standard,rashidshaheed,2026-08-17,106.4
standard,rashodbateman,2026-08-17,129.6
standard,rhamondrestevenson,2026-08-17,67.9
standard,rickypearsall,2026-08-17,101.0
standard,ricodowdle,2026-08-17,74.2
standard,rjharvey,2026-08-17,91.8
standard,romeodoubs,2026-08-17,99.3
standard,romeodunze,2026-08-17,41.3
standard,ryanflournoy,2026-08-17,153.4
standard,samdarnold,2026-08-17,154.2
standard,samlaporta,2026-08-17,105.3
standard,saquonbarkley,2026-08-17,14.3
standard,stefondiggs,2026-08-17,101.0
standard,tankbigsby,2026-08-17,149.7
standard,tankdell,2026-08-17,152.2
standard,teehiggins,2026-08-17,32.8
standard,terrymclaurin,2026-08-17,44.8
standard,tetairoamcmillan,2026-08-17,35.9
standard,theowease,2026-08-17,136.6
standard,tonypollard,2026-08-17,64.7
standard,travisetienne,2026-08-17,41.5
standard,travishunter,2026-08-17,159.8
standard,traviskelce,2026-08-17,134.6
standard,tretucker,2026-08-17,127.5
standard,treveyonhenderson,2026-08-17,57.5
standard,trevorlawrence,2026-08-17,93.9
standard,treymcbride,2026-08-17,50.9
standard,tuckerkraft,2026-08-17,89.2
standard,tyjaespears,2026-08-17,160.6
standard,tylerallgeier,2026-08-17,154.7
standard,tylerloop,2026-08-17,156.0
standard,tylershough,2026-08-17,142.1
standard,tylerwarren,2026-08-17,77.5
standard,tyronetracy,2026-08-17,149.9
standard,wandalerobinson,2026-08-17,103.0
standard,willreichard,2026-08-17,163.7
standard,willutz,2026-08-17,166.8
standard,woodymarks,2026-08-17,142.8
standard,xavierworthy,2026-08-17,88.0
standard,zachcharbonnet,2026-08-17,136.1
standard,zayflowers,2026-08-17,24.0
